timestamp,frame_index,obs_shoulder_pan,obs_shoulder_lift,obs_elbow_flex,obs_wrist_flex,obs_wrist_roll,obs_gripper,act_shoulder_pan,act_shoulder_lift,act_elbow_flex,act_wrist_flex,act_wrist_roll,act_gripper
0.0000,0,5.47,-99.04,99.39,-96.37,1.10,11.08,8.66,-99.83,99.46,-99.66,-0.68,1.57
0.0333,1,5.97,-99.10,99.37,-96.57,0.79,10.54,8.66,-99.83,99.46,-99.66,-0.68,1.57
0.0667,2,6.43,-99.15,99.36,-96.75,0.50,10.05,8.66,-99.83,99.46,-99.66,-0.68,1.57
0.1000,3,6.84,-99.20,99.34,-96.90,0.25,9.60,8.66,-99.83,99.46,-99.66,-0.68,1.57
0.1333,4,7.21,-99.24,99.33,-97.03,0.03,9.20,8.66,-99.83,99.46,-99.66,-0.68,1.57
0.1667,5,7.52,-99.27,99.31,-97.14,-0.16,8.84,8.66,-99.83,99.46,-99.66,-0.68,1.57
0.2000,6,7.79,-99.30,99.30,-97.22,-0.32,8.53,8.66,-99.83,99.46,-99.66,-0.68,1.57
0.2333,7,8.02,-99.32,99.29,-97.29,-0.46,8.26,8.66,-99.83,99.46,-99.66,-0.68,1.57
0.2667,8,8.22,-99.34,99.28,-97.30,-0.56,7.95,8.66,-99.83,99.46,-99.66,-0.68,1.57
0.3000,9,8.32,-99.35,99.28,-97.26,-0.60,7.71,8.66,-99.83,99.46,-99.66,-0.68,1.57
0.3333,10,8.36,-99.35,99.27,-97.24,-0.62,7.57,8.66,-99.83,99.46,-99.66,-0.68,1.57
0.3667,11,8.38,-99.34,99.27,-97.23,-0.64,7.56,8.66,-99.83,99.46,-99.66,-0.68,1.57
0.4000,12,8.39,-99.33,99.28,-97.23,-0.65,7.63,8.66,-99.83,99.46,-99.66,-0.68,1.57
0.4333,13,8.39,-99.33,99.28,-97.23,-0.65,7.70,8.66,-99.83,99.46,-99.66,-0.68,1.57
0.4667,14,8.39,-99.33,99.28,-97.23,-0.65,7.72,8.66,-99.83,99.46,-99.66,-0.68,1.57
0.5000,15,8.38,-99.33,99.28,-97.23,-0.66,7.72,8.66,-99.83,99.46,-99.66,-0.68,1.57
0.5333,16,8.38,-99.33,99.28,-97.23,-0.66,7.72,8.66,-99.83,99.46,-99.66,-0.68,1.57
0.5667,17,8.37,-99.33,99.28,-97.23,-0.65,7.72,8.66,-99.83,99.46,-99.66,-0.68,1.57
0.6000,18,8.37,-99.33,99.28,-97.23,-0.65,7.72,8.66,-99.83,99.46,-99.66,-0.68,1.57
0.6333,19,8.37,-99.33,99.28,-97.23,-0.65,7.72,8.66,-99.83,99.46,-99.66,-0.68,1.57
0.6667,20,8.37,-99.33,99.28,-97.23,-0.65,7.72,8.66,-99.83,99.46,-99.66,-0.68,1.57
0.7000,21,8.37,-99.33,99.28,-97.23,-0.65,7.72,8.66,-99.83,99.46,-99.66,-0.68,1.57
0.7333,22,8.37,-99.33,99.28,-97.23,-0.65,7.72,8.66,-99.83,99.46,-99.66,-0.68,1.57
0.7667,23,8.37,-99.33,99.28,-97.23,-0.65,7.72,8.66,-99.83,99.46,-99.66,-0.68,1.57
0.8000,24,8.37,-99.33,99.28,-97.23,-0.65,7.72,8.66,-99.83,99.46,-99.66,-0.68,1.57
0.8333,25,8.37,-99.33,99.28,-97.23,-0.65,7.72,8.66,-99.83,99.46,-99.66,-0.68,1.57
0.8667,26,8.37,-99.33,99.28,-97.23,-0.65,7.72,8.66,-99.83,99.46,-99.66,-0.68,1.57
0.9000,27,8.37,-99.33,99.28,-97.23,-0.65,7.72,8.66,-99.83,99.46,-99.66,-0.68,1.57
0.9333,28,8.37,-99.33,99.28,-97.23,-0.65,7.72,8.66,-99.83,99.46,-99.66,-0.68,1.57
0.9667,29,8.37,-99.33,99.28,-97.23,-0.65,7.72,8.66,-99.83,99.46,-99.66,-0.68,1.57
1.0000,30,8.37,-99.33,99.28,-97.23,-0.65,7.72,8.66,-99.83,99.46,-99.66,-0.68,1.57
1.0333,31,8.37,-99.33,99.28,-97.23,-0.65,7.72,8.66,-99.83,99.46,-99.66,-0.68,1.57
1.0667,32,8.37,-99.33,99.28,-97.23,-0.65,7.72,8.66,-99.83,99.46,-99.66,-0.68,1.57
1.1000,33,8.37,-99.33,99.28,-97.23,-0.65,7.72,8.66,-99.83,99.46,-99.66,-0.68,1.57
1.1333,34,8.37,-99.33,99.28,-97.23,-0.65,7.72,8.66,-99.83,99.46,-99.66,-0.68,1.57
1.1667,35,8.37,-99.33,99.28,-97.23,-0.65,7.72,8.66,-99.83,99.46,-99.66,-0.68,1.57
1.2000,36,8.37,-99.33,99.28,-97.23,-0.65,7.72,8.66,-99.83,99.46,-99.66,-0.68,1.57
1.2333,37,8.37,-99.33,99.28,-97.23,-0.65,7.72,8.66,-99.83,99.46,-99.66,-0.68,1.57
1.2667,38,8.37,-99.33,99.28,-97.23,-0.65,7.72,8.66,-99.83,99.46,-99.66,-0.68,1.57
1.3000,39,8.37,-99.33,99.28,-97.23,-0.65,7.72,8.66,-99.83,99.46,-99.66,-0.68,1.57
1.3333,40,8.37,-99.33,99.28,-97.23,-0.65,7.72,8.66,-99.83,99.46,-99.66,-0.68,1.57
1.3667,41,8.37,-99.33,99.28,-97.23,-0.65,7.72,8.66,-99.83,99.46,-99.66,-0.68,1.57
1.4000,42,8.37,-99.33,99.28,-97.23,-0.65,7.72,8.66,-99.83,99.46,-99.66,-0.68,1.57
1.4333,43,8.37,-99.33,99.28,-97.23,-0.65,7.72,8.66,-99.83,99.46,-99.66,-0.68,1.57
1.4667,44,8.37,-99.33,99.28,-97.23,-0.65,7.72,8.66,-99.83,99.46,-99.66,-0.68,1.57
1.5000,45,8.37,-99.33,99.28,-97.23,-0.65,7.72,8.66,-99.83,99.46,-99.66,-0.68,1.57
1.5333,46,8.37,-99.33,99.28,-97.23,-0.65,7.72,8.66,-99.83,99.46,-99.66,-0.68,1.57
1.5667,47,8.37,-99.33,99.28,-97.23,-0.65,7.72,8.66,-99.83,99.46,-99.66,-0.68,1.57
1.6000,48,8.37,-99.33,99.28,-97.23,-0.65,7.72,8.66,-99.83,99.46,-99.66,-0.68,1.57
1.6333,49,8.37,-99.33,99.28,-97.23,-0.65,7.72,8.66,-99.83,99.46,-99.66,-0.68,1.57
1.6667,50,8.37,-99.33,99.28,-97.23,-0.65,7.72,8.66,-99.83,99.46,-99.66,-0.68,1.57
1.7000,51,8.37,-99.33,99.28,-97.23,-0.65,7.72,8.66,-99.83,99.46,-99.66,-0.68,1.57
1.7333,52,8.37,-99.33,99.28,-97.23,-0.65,7.72,8.66,-99.83,99.46,-99.66,-0.68,1.57
1.7667,53,8.37,-99.33,99.28,-97.23,-0.65,7.72,8.66,-99.83,99.46,-99.66,-0.68,1.57
1.8000,54,8.37,-99.33,99.28,-97.23,-0.65,7.72,8.66,-99.83,99.46,-99.66,-0.68,1.57
1.8333,55,8.37,-99.33,99.28,-97.23,-0.65,7.72,8.66,-99.83,99.46,-99.66,-0.68,1.57
1.8667,56,8.37,-99.33,99.28,-97.23,-0.65,7.72,8.66,-99.83,99.46,-99.66,-0.68,1.57
1.9000,57,8.37,-99.33,99.28,-97.23,-0.65,7.72,8.66,-99.83,99.46,-99.66,-0.68,1.57
1.9333,58,8.37,-99.33,99.28,-97.23,-0.65,7.72,8.66,-99.83,99.46,-99.66,-0.68,1.57
1.9667,59,8.37,-99.33,99.28,-97.23,-0.65,7.72,8.66,-99.83,99.46,-99.66,-0.68,1.57
2.0000,60,8.37,-99.33,99.28,-97.23,-0.65,7.72,8.66,-99.83,99.46,-99.66,-0.68,1.57
2.0333,61,8.37,-99.33,99.28,-97.23,-0.65,7.72,8.66,-99.83,99.46,-99.66,-0.68,1.57
2.0667,62,8.37,-99.33,99.28,-97.23,-0.65,7.72,8.66,-99.83,99.46,-99.66,-0.68,1.57
2.1000,63,8.37,-99.33,99.28,-97.23,-0.65,7.72,8.66,-99.83,99.46,-99.66,-0.68,1.57
2.1333,64,8.37,-99.33,99.28,-97.23,-0.65,7.72,8.66,-99.83,99.46,-99.66,-0.68,1.57
2.1667,65,8.37,-99.33,99.28,-97.23,-0.65,7.72,8.66,-99.83,99.46,-99.66,-0.68,1.57
2.2000,66,8.37,-99.33,99.28,-97.23,-0.65,7.72,8.66,-99.83,99.46,-99.66,-0.68,1.57
2.2333,67,8.37,-99.33,99.28,-97.23,-0.65,7.72,8.66,-99.83,99.46,-99.66,-0.68,1.57
2.2667,68,8.37,-99.33,99.28,-97.23,-0.65,7.72,8.66,-99.83,99.46,-99.66,-0.68,1.57
2.3000,69,8.37,-99.33,99.28,-97.23,-0.65,7.72,8.66,-99.83,99.46,-99.66,-0.68,1.57
2.3333,70,8.37,-99.33,99.28,-97.23,-0.65,7.72,8.66,-99.83,99.46,-99.66,-0.68,1.57
2.3667,71,8.37,-99.33,99.28,-97.23,-0.65,7.72,8.66,-99.83,99.46,-99.66,-0.68,1.57
2.4000,72,8.37,-99.33,99.28,-97.23,-0.65,7.72,8.66,-99.83,99.46,-99.66,-0.68,1.57
2.4333,73,8.37,-99.33,99.28,-97.23,-0.65,7.72,8.66,-99.83,99.46,-99.66,-0.68,1.57
2.4667,74,8.37,-99.33,99.28,-97.23,-0.65,7.72,8.66,-99.83,99.46,-99.66,-0.68,1.57
2.5000,75,8.37,-99.33,99.28,-97.23,-0.65,7.72,8.66,-99.83,99.46,-99.66,-0.68,1.57
2.5333,76,8.37,-99.33,99.28,-97.23,-0.65,7.72,8.66,-99.83,99.46,-99.66,-0.68,1.57
2.5667,77,8.37,-99.33,99.28,-97.23,-0.65,7.72,8.66,-99.83,99.46,-99.66,-0.68,1.57
2.6000,78,8.37,-99.33,99.28,-97.23,-0.65,7.72,8.66,-99.83,99.46,-99.66,-0.68,1.57
2.6333,79,8.37,-99.33,99.28,-97.23,-0.65,7.72,8.66,-99.83,99.46,-99.66,-0.68,1.57
2.6667,80,8.37,-99.33,99.28,-97.23,-0.65,7.72,8.66,-99.83,99.46,-99.66,-0.68,1.57
2.7000,81,8.37,-99.33,99.28,-97.23,-0.65,7.72,8.66,-99.83,99.46,-99.66,-0.68,1.57
2.7333,82,8.37,-99.33,99.28,-97.23,-0.65,7.72,8.66,-99.83,99.46,-99.66,-0.68,1.57
2.7667,83,8.37,-99.33,99.28,-97.23,-0.65,7.72,8.66,-99.83,99.46,-99.66,-0.68,1.57
2.8000,84,8.37,-99.33,99.28,-97.23,-0.65,7.72,8.66,-99.83,99.46,-99.66,-0.68,1.57
2.8333,85,8.37,-99.33,99.28,-97.23,-0.65,7.72,8.66,-99.83,99.46,-99.66,-0.68,1.57
2.8667,86,8.37,-99.33,99.28,-97.23,-0.65,7.72,8.66,-99.83,99.46,-99.66,-0.68,1.57
2.9000,87,8.37,-99.33,99.28,-97.23,-0.65,7.72,8.66,-99.83,99.46,-99.66,-0.68,1.57
2.9333,88,8.37,-99.33,99.28,-97.23,-0.65,7.72,8.66,-99.83,99.46,-99.66,-0.68,1.57
2.9667,89,8.37,-99.33,99.28,-97.23,-0.65,7.72,8.66,-99.83,99.46,-99.66,-0.68,1.57
3.0000,90,8.37,-99.33,99.28,-97.23,-0.65,7.72,8.66,-99.83,99.46,-99.66,-0.68,1.57
3.0333,91,8.37,-99.33,99.28,-97.23,-0.65,7.72,8.66,-99.83,99.46,-99.66,-0.68,1.57
3.0667,92,8.37,-99.33,99.28,-97.23,-0.65,7.72,8.66,-99.83,99.46,-99.66,-0.68,1.57
3.1000,93,8.37,-99.33,99.28,-97.23,-0.65,7.72,8.66,-99.83,99.46,-99.66,-0.68,1.57
3.1333,94,8.37,-99.33,99.28,-97.23,-0.65,7.72,8.66,-99.83,99.46,-99.66,-0.68,1.57
3.1667,95,8.37,-99.33,99.28,-97.23,-0.65,7.72,8.66,-99.83,99.46,-99.66,-0.68,1.57
3.2000,96,8.37,-99.33,99.28,-97.23,-0.65,7.72,8.66,-99.83,99.46,-99.66,-0.68,1.57
3.2333,97,8.37,-99.33,99.28,-97.23,-0.65,7.72,8.66,-99.83,99.46,-99.66,-0.68,1.57
3.2667,98,8.37,-99.33,99.28,-97.23,-0.65,7.72,8.66,-99.83,99.46,-99.66,-0.68,1.57
3.3000,99,8.37,-99.33,99.28,-97.23,-0.65,7.72,8.66,-99.83,99.46,-99.66,-0.68,1.57
3.3333,100,8.37,-99.33,99.28,-97.24,-0.65,7.72,8.66,-99.83,99.46,-99.66,-0.68,1.57
3.3667,101,8.37,-99.33,99.28,-97.24,-0.65,7.72,8.66,-99.83,99.46,-99.66,-0.68,1.57
3.4000,102,8.37,-99.33,99.28,-97.26,-0.65,7.72,8.66,-99.83,99.46,-99.66,-0.68,1.57
3.4333,103,8.37,-99.33,99.28,-97.27,-0.65,7.72,8.66,-99.83,99.46,-99.66,-0.68,1.57
3.4667,104,8.37,-99.33,99.28,-97.28,-0.65,7.72,8.66,-99.83,99.46,-99.66,-0.68,1.57
3.5000,105,8.37,-99.33,99.28,-97.29,-0.65,7.72,8.66,-99.83,99.46,-99.66,-0.68,1.57
3.5333,106,8.37,-99.33,99.28,-97.30,-0.65,7.72,8.66,-99.83,99.46,-99.66,-0.68,1.57
3.5667,107,8.37,-99.33,99.28,-97.31,-0.65,7.72,8.66,-99.83,99.46,-99.66,-0.68,1.57
3.6000,108,8.37,-99.33,99.28,-97.32,-0.65,7.72,8.66,-99.83,99.46,-99.66,-0.68,1.57
3.6333,109,8.37,-99.33,99.28,-97.32,-0.65,7.72,8.66,-99.83,99.46,-99.66,-0.68,1.57
3.6667,110,8.37,-99.33,99.28,-97.32,-0.65,7.72,8.66,-99.83,99.46,-99.66,-0.68,1.57
3.7000,111,8.37,-99.33,99.28,-97.32,-0.65,7.72,8.66,-99.83,99.46,-99.66,-0.68,1.57
3.7333,112,8.37,-99.33,99.28,-97.32,-0.65,7.72,8.66,-99.83,99.46,-99.66,-0.68,1.57
3.7667,113,8.37,-99.33,99.28,-97.32,-0.65,7.72,8.66,-99.83,99.46,-99.66,-0.68,1.57
3.8000,114,8.37,-99.33,99.28,-97.32,-0.65,7.72,8.66,-99.83,99.46,-99.66,-0.68,1.57
3.8333,115,8.37,-99.33,99.28,-97.32,-0.65,7.72,8.66,-99.83,99.46,-99.66,-0.68,1.57
3.8667,116,8.37,-99.33,99.28,-97.32,-0.65,7.72,8.66,-99.83,99.46,-99.66,-0.68,1.57
3.9000,117,8.37,-99.33,99.28,-97.32,-0.65,7.72,8.66,-99.83,99.46,-99.66,-0.68,1.57
3.9333,118,8.37,-99.33,99.28,-97.32,-0.65,7.72,8.66,-99.83,99.46,-99.66,-0.68,1.57
3.9667,119,8.37,-99.33,99.28,-97.32,-0.65,7.72,8.66,-99.83,99.46,-99.66,-0.68,1.57
4.0000,120,8.37,-99.33,99.28,-97.32,-0.65,7.72,8.66,-99.83,99.46,-99.66,-0.68,1.57
4.0333,121,8.37,-99.33,99.28,-97.32,-0.65,7.72,8.66,-99.83,99.46,-99.66,-0.68,1.57
4.0667,122,8.37,-99.33,99.28,-97.32,-0.65,7.72,8.66,-99.83,99.46,-99.66,-0.68,1.57
4.1000,123,8.37,-99.33,99.28,-97.32,-0.65,7.72,8.66,-99.83,99.46,-99.66,-0.68,1.57
4.1333,124,8.37,-99.33,99.28,-97.32,-0.65,7.72,8.66,-99.83,99.46,-99.66,-0.68,1.57
4.1667,125,8.37,-99.33,99.28,-97.32,-0.65,7.72,8.66,-99.83,99.46,-99.66,-0.68,1.57
4.2000,126,8.37,-99.33,99.28,-97.32,-0.65,7.72,8.66,-99.83,99.46,-99.66,-0.68,1.57
4.2333,127,8.37,-99.33,99.28,-97.32,-0.65,7.72,8.66,-99.83,99.46,-99.66,-0.68,1.57
4.2667,128,8.37,-99.33,99.28,-97.32,-0.65,7.72,8.66,-99.83,99.46,-99.66,-0.68,1.57
4.3000,129,8.37,-99.33,99.28,-97.32,-0.65,7.72,8.66,-99.83,99.46,-99.66,-0.68,1.57
4.3333,130,8.37,-99.33,99.28,-97.32,-0.65,7.72,8.66,-99.83,99.46,-99.66,-0.68,1.57
4.3667,131,8.37,-99.33,99.28,-97.32,-0.65,7.72,8.66,-99.83,99.46,-99.66,-0.68,1.57
4.4000,132,8.37,-99.33,99.28,-97.32,-0.65,7.72,8.66,-99.83,99.46,-99.66,-0.68,1.57
4.4333,133,8.37,-99.33,99.28,-97.32,-0.65,7.72,8.66,-99.83,99.46,-99.66,-0.68,1.57
4.4667,134,8.37,-99.33,99.28,-97.32,-0.65,7.72,8.66,-99.83,99.46,-99.66,-0.68,1.57
4.5000,135,8.37,-99.33,99.28,-97.32,-0.65,7.72,8.66,-99.83,99.46,-99.66,-0.68,1.57
4.5333,136,8.37,-99.33,99.28,-97.32,-0.65,7.72,8.66,-99.83,99.46,-99.66,-0.68,1.57
4.5667,137,8.37,-99.33,99.28,-97.32,-0.65,7.72,8.66,-99.83,99.46,-99.66,-0.68,1.57
4.6000,138,8.37,-99.33,99.28,-97.32,-0.65,7.72,8.66,-99.83,99.46,-99.66,-0.68,1.57
4.6333,139,8.37,-99.33,99.28,-97.32,-0.65,7.72,8.66,-99.83,99.46,-99.66,-0.68,1.57
4.6667,140,8.37,-99.33,99.28,-97.32,-0.65,7.72,8.66,-99.83,99.46,-99.66,-0.68,1.57
4.7000,141,8.37,-99.33,99.28,-97.32,-0.65,7.72,8.66,-99.83,99.46,-99.66,-0.68,1.57
4.7333,142,8.37,-99.33,99.28,-97.32,-0.65,7.72,8.66,-99.83,99.46,-99.66,-0.68,1.57
4.7667,143,8.37,-99.33,99.28,-97.32,-0.65,7.72,8.66,-99.83,99.46,-99.66,-0.68,1.57
4.8000,144,8.37,-99.33,99.28,-97.32,-0.65,7.72,8.66,-99.83,99.46,-99.66,-0.68,1.57
4.8333,145,8.37,-99.33,99.28,-97.32,-0.65,7.72,8.66,-99.83,99.46,-99.66,-0.68,1.57
4.8667,146,8.37,-99.33,99.28,-97.32,-0.65,7.72,8.66,-99.83,99.46,-99.66,-0.68,1.57
4.9000,147,8.37,-99.33,99.28,-97.32,-0.65,7.72,8.66,-99.83,99.46,-99.66,-0.68,1.57
4.9333,148,8.37,-99.33,99.28,-97.32,-0.65,7.72,8.66,-99.83,99.46,-99.66,-0.68,1.57
4.9667,149,8.37,-99.33,99.28,-97.32,-0.65,7.72,8.66,-99.83,99.46,-99.66,-0.68,1.57
5.0000,150,8.37,-99.33,99.28,-97.32,-0.65,7.72,8.66,-99.83,99.46,-99.66,-0.68,1.57
5.0333,151,8.37,-99.33,99.28,-97.32,-0.65,7.72,8.66,-99.83,99.46,-99.66,-0.68,1.57
5.0667,152,8.37,-99.33,99.28,-97.32,-0.65,7.72,8.66,-99.83,99.46,-99.66,-0.68,1.57
5.1000,153,8.37,-99.33,99.28,-97.32,-0.65,7.72,8.66,-99.83,99.46,-99.66,-0.68,1.57
5.1333,154,8.37,-99.33,99.28,-97.32,-0.65,7.72,8.66,-99.83,99.46,-99.66,-0.68,1.57
5.1667,155,8.37,-99.33,99.28,-97.32,-0.65,7.72,8.66,-99.83,99.46,-99.66,-0.68,1.57
5.2000,156,8.37,-99.33,99.28,-97.32,-0.65,7.72,8.66,-99.83,99.46,-99.66,-0.68,1.57
5.2333,157,8.37,-99.33,99.28,-97.32,-0.65,7.72,8.66,-99.83,99.46,-99.66,-0.68,1.57
5.2667,158,8.37,-99.33,99.28,-97.32,-0.65,7.72,8.66,-99.83,99.46,-99.66,-0.68,1.57
5.3000,159,8.37,-99.33,99.28,-97.32,-0.65,7.72,8.66,-99.83,99.46,-99.66,-0.68,1.57
5.3333,160,8.37,-99.33,99.28,-97.32,-0.65,7.72,8.66,-99.83,99.46,-99.66,-0.68,1.57
5.3667,161,8.37,-99.33,99.28,-97.32,-0.65,7.72,8.66,-99.83,99.46,-99.66,-0.68,1.57
5.4000,162,8.37,-99.33,99.28,-97.32,-0.65,7.72,8.66,-99.83,99.46,-99.66,-0.68,1.57
5.4333,163,8.37,-99.33,99.28,-97.32,-0.65,7.72,8.66,-99.83,99.46,-99.66,-0.68,1.57
5.4667,164,8.37,-99.33,99.28,-97.32,-0.65,7.72,8.66,-99.83,99.46,-99.66,-0.68,1.57
5.5000,165,8.37,-99.33,99.28,-97.32,-0.65,7.72,8.66,-99.83,99.46,-99.66,-0.68,1.57
5.5333,166,8.37,-99.33,99.28,-97.32,-0.65,7.72,8.66,-99.83,99.46,-99.66,-0.68,1.57
5.5667,167,8.37,-99.33,99.28,-97.32,-0.65,7.72,8.66,-99.83,99.46,-99.66,-0.68,1.57
5.6000,168,8.37,-99.33,99.28,-97.32,-0.65,7.72,8.66,-99.83,99.46,-99.66,-0.68,1.57
5.6333,169,8.37,-99.33,99.28,-97.32,-0.65,7.72,8.66,-99.83,99.46,-99.66,-0.68,1.57
5.6667,170,8.37,-99.33,99.28,-97.32,-0.65,7.72,8.66,-99.83,99.46,-99.66,-0.68,1.57
5.7000,171,8.37,-99.33,99.28,-97.32,-0.65,7.72,8.66,-99.83,99.46,-99.66,-0.68,1.57
5.7333,172,8.37,-99.33,99.28,-97.32,-0.65,7.72,8.66,-99.83,99.46,-99.66,-0.68,1.57
5.7667,173,8.37,-99.33,99.28,-97.32,-0.65,7.72,8.66,-99.83,99.46,-99.66,-0.68,1.57
5.8000,174,8.37,-99.33,99.28,-97.32,-0.65,7.72,8.66,-99.83,99.46,-99.66,-0.68,1.57
5.8333,175,8.37,-99.33,99.28,-97.32,-0.65,7.72,8.66,-99.83,99.46,-99.66,-0.68,1.57
5.8667,176,8.37,-99.33,99.28,-97.32,-0.65,7.72,8.66,-99.83,99.46,-99.66,-0.68,1.57
5.9000,177,8.37,-99.33,99.28,-97.32,-0.65,7.72,8.66,-99.83,99.46,-99.66,-0.68,1.57
5.9333,178,8.37,-99.33,99.28,-97.32,-0.65,7.72,8.66,-99.83,99.46,-99.66,-0.68,1.57
5.9667,179,8.37,-99.33,99.28,-97.32,-0.65,7.72,8.66,-99.83,99.46,-99.66,-0.68,1.57
6.0000,180,8.37,-99.33,99.28,-97.32,-0.65,7.72,8.66,-99.83,99.46,-99.66,-0.68,1.57
6.0333,181,8.37,-99.33,99.28,-97.32,-0.65,7.72,8.66,-99.83,99.46,-99.66,-0.68,1.57
6.0667,182,8.37,-99.33,99.28,-97.32,-0.65,7.72,8.66,-99.83,99.46,-99.66,-0.68,1.57
6.1000,183,8.37,-99.33,99.28,-97.32,-0.65,7.72,8.66,-99.83,99.46,-99.66,-0.68,1.57
6.1333,184,8.37,-99.33,99.28,-97.32,-0.65,7.72,8.66,-99.83,99.46,-99.66,-0.68,1.57
6.1667,185,8.37,-99.33,99.28,-97.32,-0.65,7.72,8.66,-99.83,99.46,-99.66,-0.68,1.57
6.2000,186,8.37,-99.33,99.28,-97.32,-0.65,7.72,8.66,-99.83,99.46,-99.66,-0.68,1.57
6.2333,187,8.37,-99.33,99.28,-97.32,-0.65,7.72,8.66,-99.83,99.46,-99.66,-0.68,1.57
6.2667,188,8.37,-99.33,99.28,-97.32,-0.65,7.72,8.66,-99.83,99.46,-99.66,-0.68,1.57
6.3000,189,8.37,-99.33,99.28,-97.32,-0.65,7.72,8.66,-99.83,99.46,-99.66,-0.68,1.57
6.3333,190,8.37,-99.33,99.28,-97.32,-0.65,7.72,8.66,-99.83,99.46,-99.66,-0.68,1.57
6.3667,191,8.37,-99.33,99.28,-97.32,-0.65,7.72,8.66,-99.83,99.46,-99.66,-0.68,1.57
6.4000,192,8.37,-99.33,99.28,-97.32,-0.65,7.72,8.66,-99.83,99.46,-99.66,-0.68,1.57
6.4333,193,8.37,-99.33,99.28,-97.32,-0.65,7.72,8.66,-99.83,99.46,-99.66,-0.68,1.57
6.4667,194,8.37,-99.33,99.28,-97.32,-0.65,7.72,8.66,-99.83,99.46,-99.66,-0.68,1.57
6.5000,195,8.37,-99.33,99.28,-97.32,-0.65,7.72,8.66,-99.83,99.46,-99.66,-0.68,1.57
6.5333,196,8.37,-99.33,99.28,-97.32,-0.65,7.72,8.66,-99.83,99.46,-99.66,-0.68,1.57
6.5667,197,8.37,-99.33,99.28,-97.32,-0.65,7.72,8.66,-99.83,99.46,-99.66,-0.68,1.57
6.6000,198,8.37,-99.33,99.28,-97.32,-0.65,7.72,8.66,-99.83,99.46,-99.66,-0.68,1.57
6.6333,199,8.37,-99.33,99.28,-97.32,-0.65,7.72,8.66,-99.83,99.46,-99.66,-0.68,1.57
6.6667,200,8.37,-99.33,99.28,-97.32,-0.65,7.72,8.66,-99.83,99.46,-99.66,-0.68,1.57
6.7000,201,8.37,-99.33,99.28,-97.32,-0.65,7.72,8.66,-99.83,99.46,-99.66,-0.68,1.57
6.7333,202,8.37,-99.33,99.28,-97.32,-0.65,7.72,8.66,-99.83,99.46,-99.66,-0.68,1.57
6.7667,203,8.37,-99.33,99.28,-97.32,-0.65,7.72,8.66,-99.83,99.46,-99.66,-0.68,1.57
6.8000,204,8.37,-99.33,99.28,-97.32,-0.65,7.72,8.66,-99.83,99.46,-99.66,-0.68,1.57
6.8333,205,8.37,-99.33,99.28,-97.32,-0.65,7.72,8.66,-99.83,99.46,-99.66,-0.68,1.57
6.8667,206,8.37,-99.33,99.28,-97.32,-0.65,7.72,8.66,-99.83,99.46,-99.66,-0.68,1.57
6.9000,207,8.37,-99.33,99.28,-97.32,-0.65,7.72,8.66,-99.83,99.46,-99.66,-0.68,1.57
6.9333,208,8.37,-99.33,99.28,-97.32,-0.65,7.72,8.66,-99.83,99.46,-99.66,-0.68,1.57
6.9667,209,8.37,-99.33,99.28,-97.32,-0.65,7.72,8.66,-99.83,99.46,-99.66,-0.68,1.57
7.0000,210,8.37,-99.33,99.28,-97.32,-0.65,7.72,8.66,-99.83,99.46,-99.66,-0.68,1.57
7.0333,211,8.37,-99.33,99.28,-97.32,-0.65,7.72,8.66,-99.83,99.46,-99.66,-0.68,1.57
7.0667,212,8.37,-99.33,99.28,-97.32,-0.65,7.72,8.66,-99.83,99.46,-99.66,-0.68,1.57
7.1000,213,8.37,-99.33,99.28,-97.32,-0.65,7.72,8.66,-99.83,99.46,-99.66,-0.68,1.57
7.1333,214,8.37,-99.33,99.28,-97.32,-0.65,7.72,8.66,-99.83,99.46,-99.66,-0.68,1.57
7.1667,215,8.37,-99.33,99.28,-97.32,-0.65,7.72,8.66,-99.83,99.46,-99.66,-0.68,1.57
7.2000,216,8.37,-99.33,99.28,-97.32,-0.65,7.72,8.66,-99.83,99.46,-99.66,-0.68,1.57
7.2333,217,8.37,-99.33,99.28,-97.32,-0.65,7.72,8.66,-99.83,99.46,-99.66,-0.68,1.57
7.2667,218,8.37,-99.33,99.28,-97.32,-0.65,7.72,8.66,-99.83,99.46,-99.66,-0.68,1.57
7.3000,219,8.37,-99.33,99.28,-97.32,-0.65,7.72,8.66,-99.83,99.46,-99.66,-0.68,1.57
7.3333,220,8.37,-99.33,99.28,-97.32,-0.65,7.72,8.66,-99.83,99.46,-99.66,-0.68,1.57
7.3667,221,8.37,-99.33,99.28,-97.32,-0.65,7.72,8.66,-99.83,99.46,-99.66,-0.68,1.57
7.4000,222,8.37,-99.33,99.28,-97.32,-0.65,7.72,8.66,-99.83,99.46,-99.66,-0.68,1.57
7.4333,223,8.37,-99.33,99.28,-97.32,-0.65,7.72,8.66,-99.83,99.46,-99.66,-0.68,1.57
7.4667,224,8.37,-99.33,99.28,-97.32,-0.65,7.72,8.66,-99.83,99.46,-99.66,-0.68,1.57
7.5000,225,8.37,-99.33,99.28,-97.32,-0.65,7.72,8.66,-99.83,99.46,-99.66,-0.68,1.57
7.5333,226,8.37,-99.33,99.28,-97.32,-0.65,7.72,8.66,-99.83,99.46,-99.66,-0.68,1.57
7.5667,227,8.37,-99.33,99.28,-97.32,-0.65,7.72,8.66,-99.83,99.46,-99.66,-0.68,1.57
7.6000,228,8.37,-99.33,99.28,-97.32,-0.65,7.72,8.66,-99.83,99.46,-99.66,-0.68,1.57
7.6333,229,8.37,-99.33,99.28,-97.32,-0.65,7.72,8.66,-99.83,99.46,-99.66,-0.68,1.57
7.6667,230,8.37,-99.33,99.28,-97.32,-0.65,7.72,8.66,-99.83,99.46,-99.66,-0.68,1.57
7.7000,231,8.37,-99.33,99.28,-97.32,-0.65,7.72,8.66,-99.83,99.46,-99.66,-0.68,1.57
7.7333,232,8.37,-99.33,99.28,-97.32,-0.65,7.72,8.66,-99.83,99.46,-99.66,-0.68,1.57
7.7667,233,8.37,-99.33,99.28,-97.32,-0.65,7.72,8.66,-99.83,99.46,-99.66,-0.68,1.57
7.8000,234,8.37,-99.33,99.28,-97.32,-0.65,7.72,8.66,-99.83,99.46,-99.66,-0.68,1.57
7.8333,235,8.37,-99.33,99.28,-97.32,-0.65,7.72,8.66,-99.83,99.46,-99.66,-0.68,1.57
7.8667,236,8.37,-99.33,99.28,-97.32,-0.65,7.72,8.66,-99.83,99.46,-99.66,-0.68,1.57
7.9000,237,8.37,-99.33,99.28,-97.32,-0.65,7.72,8.66,-99.83,99.46,-99.66,-0.68,1.57
7.9333,238,8.37,-99.33,99.28,-97.32,-0.65,7.72,8.66,-99.83,99.46,-99.66,-0.68,1.57
7.9667,239,8.37,-99.33,99.28,-97.32,-0.65,7.72,8.66,-99.83,99.46,-99.66,-0.68,1.57
8.0000,240,8.37,-99.33,99.28,-97.32,-0.65,7.72,8.66,-99.83,99.46,-99.66,-0.68,1.57
8.0333,241,8.37,-99.33,99.28,-97.32,-0.65,7.72,8.66,-99.83,99.46,-99.66,-0.68,1.57
8.0667,242,8.37,-99.33,99.28,-97.32,-0.65,7.72,8.66,-99.83,99.46,-99.66,-0.68,1.57
8.1000,243,8.37,-99.33,99.28,-97.32,-0.65,7.72,8.66,-99.83,99.46,-99.66,-0.68,1.57
8.1333,244,8.37,-99.33,99.28,-97.32,-0.65,7.72,8.66,-99.83,99.46,-99.66,-0.68,1.57
8.1667,245,8.37,-99.33,99.28,-97.32,-0.65,7.72,8.66,-99.83,99.46,-99.66,-0.68,1.57
8.2000,246,8.37,-99.33,99.28,-97.32,-0.65,7.72,8.66,-99.83,99.46,-99.66,-0.68,1.57
8.2333,247,8.37,-99.33,99.28,-97.32,-0.65,7.72,8.66,-99.83,99.46,-99.66,-0.68,1.57
8.2667,248,8.37,-99.33,99.28,-97.32,-0.65,7.72,8.66,-99.83,99.46,-99.66,-0.68,1.57
8.3000,249,8.37,-99.33,99.28,-97.32,-0.65,7.72,8.66,-99.83,99.46,-99.66,-0.68,1.57
8.3333,250,8.37,-99.33,99.28,-97.32,-0.65,7.72,8.66,-99.83,99.46,-99.66,-0.68,1.57
8.3667,251,8.37,-99.33,99.28,-97.32,-0.65,7.72,8.66,-99.83,99.46,-99.66,-0.68,1.57
8.4000,252,8.37,-99.33,99.28,-97.32,-0.65,7.72,8.66,-99.83,99.46,-99.66,-0.68,1.57
8.4333,253,8.37,-99.33,99.28,-97.32,-0.65,7.72,8.66,-99.83,99.46,-99.66,-0.68,1.57
8.4667,254,8.37,-99.33,99.28,-97.32,-0.65,7.72,8.66,-99.83,99.46,-99.66,-0.68,1.57
8.5000,255,8.37,-99.33,99.28,-97.32,-0.65,7.72,8.66,-99.83,99.46,-99.66,-0.68,1.57
8.5333,256,8.37,-99.33,99.28,-97.32,-0.65,7.72,8.66,-99.83,99.46,-99.66,-0.68,1.57
8.5667,257,8.37,-99.33,99.28,-97.32,-0.65,7.72,8.66,-99.83,99.46,-99.66,-0.68,1.57
8.6000,258,8.37,-99.33,99.28,-97.32,-0.65,7.72,8.66,-99.83,99.46,-99.66,-0.68,1.57
8.6333,259,8.37,-99.33,99.28,-97.32,-0.65,7.72,8.66,-99.83,99.46,-99.66,-0.68,1.57
8.6667,260,8.37,-99.33,99.28,-97.32,-0.65,7.72,8.66,-99.83,99.46,-99.66,-0.68,1.57
8.7000,261,8.37,-99.33,99.28,-97.32,-0.65,7.72,8.66,-99.83,99.46,-99.66,-0.68,1.57
8.7333,262,8.37,-99.33,99.28,-97.32,-0.65,7.72,8.66,-99.83,99.46,-99.66,-0.68,1.57
8.7667,263,8.37,-99.33,99.28,-97.32,-0.65,7.72,8.66,-99.83,99.46,-99.66,-0.68,1.57
8.8000,264,8.37,-99.33,99.28,-97.32,-0.65,7.72,8.66,-99.83,99.46,-99.66,-0.68,1.57
8.8333,265,8.37,-99.33,99.28,-97.32,-0.65,7.72,8.66,-99.83,99.46,-99.66,-0.68,1.57
8.8667,266,8.37,-99.33,99.28,-97.32,-0.65,7.72,8.66,-99.83,99.46,-99.66,-0.68,1.57
8.9000,267,8.37,-99.33,99.28,-97.32,-0.65,7.72,8.66,-99.83,99.46,-99.66,-0.68,1.57
8.9333,268,8.37,-99.33,99.28,-97.32,-0.65,7.72,8.66,-99.83,99.46,-99.66,-0.68,1.57
8.9667,269,8.37,-99.33,99.28,-97.32,-0.65,7.72,8.66,-99.83,99.46,-99.66,-0.68,1.57
9.0000,270,8.37,-99.33,99.28,-97.32,-0.65,7.72,8.66,-99.83,99.46,-99.66,-0.68,1.57
9.0333,271,8.37,-99.33,99.28,-97.32,-0.65,7.72,8.66,-99.83,99.46,-99.66,-0.68,1.57
9.0667,272,8.37,-99.33,99.28,-97.32,-0.65,7.72,8.66,-99.83,99.46,-99.66,-0.68,1.57
9.1000,273,8.37,-99.33,99.28,-97.32,-0.65,7.72,8.66,-99.83,99.46,-99.66,-0.68,1.57
9.1333,274,8.37,-99.33,99.28,-97.32,-0.65,7.72,8.66,-99.83,99.46,-99.66,-0.68,1.57
9.1667,275,8.37,-99.33,99.28,-97.32,-0.65,7.72,8.66,-99.83,99.46,-99.66,-0.68,1.57
9.2000,276,8.37,-99.33,99.28,-97.32,-0.65,7.72,8.66,-99.83,99.46,-99.66,-0.68,1.57
9.2333,277,8.37,-99.33,99.28,-97.31,-0.65,7.72,8.66,-99.83,99.46,-99.66,-0.68,1.57
9.2667,278,8.37,-99.33,99.28,-97.31,-0.65,7.72,8.66,-99.83,99.46,-99.66,-0.68,1.57
9.3000,279,8.37,-99.33,99.28,-97.31,-0.65,7.72,8.66,-99.83,99.46,-99.66,-0.68,1.57
9.3333,280,8.37,-99.33,99.28,-97.32,-0.65,7.72,8.66,-99.83,99.46,-99.66,-0.68,1.57
9.3667,281,8.37,-99.33,99.28,-97.33,-0.65,7.72,8.66,-99.83,99.46,-99.66,-0.68,1.57
9.4000,282,8.37,-99.33,99.28,-97.34,-0.65,7.72,8.66,-99.83,99.46,-99.66,-0.68,1.57
9.4333,283,8.37,-99.33,99.28,-97.35,-0.65,7.72,8.66,-99.83,99.46,-99.66,-0.68,1.57
9.4667,284,8.37,-99.33,99.28,-97.36,-0.65,7.72,8.66,-99.83,99.46,-99.66,-0.68,1.57
9.5000,285,8.37,-99.33,99.28,-97.38,-0.65,7.72,8.66,-99.83,99.46,-99.66,-0.68,1.57
9.5333,286,8.37,-99.33,99.28,-97.39,-0.65,7.72,8.66,-99.83,99.46,-99.66,-0.68,1.57
9.5667,287,8.37,-99.33,99.28,-97.40,-0.65,7.72,8.66,-99.83,99.46,-99.66,-0.68,1.57
9.6000,288,8.37,-99.33,99.28,-97.40,-0.65,7.72,8.66,-99.83,99.46,-99.66,-0.68,1.57
9.6333,289,8.37,-99.33,99.28,-97.41,-0.65,7.72,8.66,-99.83,99.46,-99.66,-0.68,1.57
9.6667,290,8.37,-99.33,99.28,-97.41,-0.65,7.72,8.66,-99.83,99.46,-99.66,-0.68,1.57
9.7000,291,8.37,-99.33,99.28,-97.40,-0.65,7.72,8.66,-99.83,99.46,-99.66,-0.68,1.57
9.7333,292,8.37,-99.33,99.28,-97.40,-0.65,7.72,8.66,-99.83,99.46,-99.66,-0.68,1.57
9.7667,293,8.37,-99.33,99.28,-97.40,-0.65,7.72,8.66,-99.83,99.46,-99.66,-0.68,1.57
9.8000,294,8.37,-99.33,99.28,-97.40,-0.65,7.72,8.66,-99.83,99.46,-99.66,-0.68,1.57
9.8333,295,8.37,-99.33,99.28,-97.40,-0.65,7.72,8.66,-99.83,99.46,-99.66,-0.68,1.57
9.8667,296,8.37,-99.33,99.28,-97.40,-0.65,7.72,8.66,-99.83,99.46,-99.66,-0.68,1.57
9.9000,297,8.37,-99.33,99.28,-97.40,-0.65,7.72,8.66,-99.83,99.46,-99.66,-0.68,1.57
9.9333,298,8.37,-99.33,99.28,-97.40,-0.65,7.72,8.66,-99.83,99.46,-99.66,-0.68,1.57
9.9667,299,8.37,-99.33,99.28,-97.40,-0.65,7.72,8.66,-99.83,99.46,-99.66,-0.68,1.57
10.0000,300,8.37,-99.33,99.28,-97.40,-0.65,7.72,8.66,-99.83,99.46,-99.66,-0.68,1.57
10.0333,301,8.37,-99.33,99.28,-97.40,-0.65,7.72,8.66,-99.83,99.46,-99.66,-0.68,1.57
10.0667,302,8.37,-99.33,99.28,-97.40,-0.65,7.72,8.66,-99.83,99.46,-99.66,-0.68,1.57
10.1000,303,8.37,-99.33,99.28,-97.40,-0.65,7.72,8.66,-99.83,99.46,-99.66,-0.68,1.57
10.1333,304,8.37,-99.33,99.28,-97.40,-0.65,7.72,8.66,-99.83,99.46,-99.66,-0.68,1.57
10.1667,305,8.37,-99.33,99.28,-97.40,-0.65,7.72,8.66,-99.83,99.46,-99.66,-0.68,1.57
10.2000,306,8.37,-99.33,99.28,-97.40,-0.65,7.72,8.66,-99.83,99.46,-99.66,-0.68,1.57
10.2333,307,8.37,-99.33,99.28,-97.40,-0.65,7.72,8.66,-99.83,99.46,-99.66,-0.68,1.57
10.2667,308,8.37,-99.33,99.28,-97.40,-0.65,7.72,8.66,-99.83,99.46,-99.66,-0.68,1.57
10.3000,309,8.37,-99.33,99.28,-97.40,-0.65,7.72,8.66,-99.83,99.46,-99.66,-0.68,1.57
10.3333,310,8.37,-99.33,99.28,-97.40,-0.65,7.72,8.66,-99.83,99.46,-99.66,-0.68,1.57
10.3667,311,8.37,-99.33,99.28,-97.40,-0.65,7.72,8.66,-99.83,99.46,-99.66,-0.68,1.57
10.4000,312,8.37,-99.33,99.28,-97.40,-0.65,7.72,8.66,-99.83,99.46,-99.66,-0.68,1.57
10.4333,313,8.37,-99.33,99.28,-97.40,-0.65,7.72,8.66,-99.83,99.46,-99.66,-0.68,1.57
10.4667,314,8.37,-99.33,99.28,-97.40,-0.65,7.72,8.66,-99.83,99.46,-99.66,-0.68,1.57
10.5000,315,8.37,-99.33,99.28,-97.40,-0.65,7.72,8.66,-99.83,99.46,-99.66,-0.68,1.57
10.5333,316,8.37,-99.33,99.28,-97.40,-0.65,7.72,8.66,-99.83,99.46,-99.66,-0.68,1.57
10.5667,317,8.37,-99.33,99.28,-97.40,-0.65,7.72,8.66,-99.83,99.46,-99.66,-0.68,1.57
10.6000,318,8.37,-99.33,99.28,-97.40,-0.65,7.72,8.66,-99.83,99.46,-99.66,-0.68,1.57
10.6333,319,8.37,-99.33,99.28,-97.40,-0.65,7.72,8.66,-99.83,99.46,-99.66,-0.68,1.57
10.6667,320,8.37,-99.33,99.28,-97.40,-0.65,7.72,8.66,-99.83,99.46,-99.66,-0.68,1.57
10.7000,321,8.37,-99.33,99.28,-97.40,-0.65,7.72,8.66,-99.83,99.46,-99.66,-0.68,1.57
10.7333,322,8.37,-99.33,99.28,-97.40,-0.65,7.72,8.66,-99.83,99.46,-99.66,-0.68,1.57
10.7667,323,8.37,-99.33,99.28,-97.40,-0.65,7.72,8.66,-99.83,99.46,-99.66,-0.68,1.57
10.8000,324,8.37,-99.33,99.28,-97.40,-0.65,7.72,8.66,-99.83,99.46,-99.66,-0.68,1.57
10.8333,325,8.37,-99.33,99.28,-97.40,-0.65,7.72,8.66,-99.83,99.46,-99.66,-0.68,1.57
10.8667,326,8.37,-99.33,99.28,-97.40,-0.65,7.72,8.66,-99.83,99.46,-99.66,-0.68,1.57
10.9000,327,8.37,-99.33,99.28,-97.40,-0.65,7.72,8.66,-99.83,99.46,-99.66,-0.68,1.57
10.9333,328,8.37,-99.33,99.28,-97.40,-0.65,7.72,8.66,-99.83,99.46,-99.66,-0.68,1.57
10.9667,329,8.37,-99.33,99.28,-97.40,-0.65,7.72,8.66,-99.83,99.46,-99.66,-0.68,1.57
11.0000,330,8.37,-99.33,99.28,-97.40,-0.65,7.72,8.66,-99.83,99.46,-99.66,-0.68,1.57
11.0333,331,8.37,-99.33,99.28,-97.40,-0.65,7.72,8.66,-99.83,99.46,-99.66,-0.68,1.57
11.0667,332,8.37,-99.33,99.28,-97.40,-0.65,7.72,8.66,-99.83,99.46,-99.66,-0.68,1.57
11.1000,333,8.37,-99.33,99.28,-97.40,-0.65,7.72,8.66,-99.83,99.46,-99.66,-0.68,1.57
11.1333,334,8.37,-99.33,99.28,-97.40,-0.65,7.72,8.66,-99.83,99.46,-99.66,-0.68,1.57
11.1667,335,8.37,-99.33,99.28,-97.40,-0.65,7.72,8.66,-99.83,99.46,-99.66,-0.68,1.57
11.2000,336,8.37,-99.33,99.28,-97.40,-0.65,7.72,8.66,-99.83,99.46,-99.66,-0.68,1.57
11.2333,337,8.37,-99.33,99.28,-97.40,-0.65,7.72,8.66,-99.83,99.46,-99.66,-0.68,1.57
11.2667,338,8.37,-99.33,99.28,-97.40,-0.65,7.72,8.66,-99.83,99.46,-99.66,-0.68,1.57
11.3000,339,8.37,-99.33,99.28,-97.40,-0.65,7.72,8.66,-99.83,99.46,-99.66,-0.68,1.57
11.3333,340,8.37,-99.33,99.28,-97.40,-0.65,7.72,8.66,-99.83,99.46,-99.66,-0.68,1.57
11.3667,341,8.37,-99.33,99.28,-97.40,-0.65,7.72,8.66,-99.83,99.46,-99.66,-0.68,1.57
11.4000,342,8.37,-99.33,99.28,-97.40,-0.65,7.72,8.66,-99.83,99.46,-99.66,-0.68,1.57
11.4333,343,8.37,-99.33,99.28,-97.40,-0.65,7.72,8.66,-99.83,99.46,-99.66,-0.68,1.57
11.4667,344,8.37,-99.33,99.28,-97.40,-0.65,7.72,8.66,-99.83,99.46,-99.66,-0.68,1.57
11.5000,345,8.37,-99.33,99.28,-97.40,-0.65,7.72,8.66,-99.83,99.46,-99.66,-0.68,1.57
11.5333,346,8.37,-99.33,99.28,-97.40,-0.65,7.72,8.66,-99.83,99.46,-99.66,-0.68,1.57
11.5667,347,8.37,-99.33,99.28,-97.40,-0.65,7.72,8.66,-99.83,99.46,-99.66,-0.68,1.57
11.6000,348,8.37,-99.33,99.28,-97.40,-0.65,7.72,8.66,-99.83,99.46,-99.66,-0.68,1.57
11.6333,349,8.37,-99.33,99.28,-97.40,-0.65,7.72,8.66,-99.83,99.46,-99.66,-0.68,1.57
11.6667,350,8.37,-99.33,99.28,-97.40,-0.65,7.72,8.66,-99.83,99.46,-99.66,-0.68,1.57
11.7000,351,8.37,-99.33,99.28,-97.40,-0.65,7.72,8.66,-99.83,99.46,-99.66,-0.68,1.57
11.7333,352,8.37,-99.33,99.28,-97.40,-0.65,7.72,8.66,-99.83,99.46,-99.66,-0.68,1.57
11.7667,353,8.37,-99.33,99.28,-97.40,-0.65,7.72,8.66,-99.83,99.46,-99.66,-0.68,1.57
11.8000,354,8.37,-99.33,99.28,-97.40,-0.65,7.72,8.66,-99.83,99.46,-99.66,-0.68,1.57
11.8333,355,8.37,-99.33,99.28,-97.40,-0.65,7.72,8.66,-99.83,99.46,-99.66,-0.68,1.57
11.8667,356,8.37,-99.33,99.28,-97.40,-0.65,7.72,8.66,-99.83,99.46,-99.66,-0.68,1.57
11.9000,357,8.37,-99.33,99.28,-97.40,-0.65,7.72,8.66,-99.83,99.46,-99.66,-0.68,1.57
11.9333,358,8.37,-99.33,99.28,-97.40,-0.65,7.72,8.66,-99.83,99.46,-99.66,-0.68,1.57
11.9667,359,8.37,-99.33,99.28,-97.40,-0.65,7.72,8.66,-99.83,99.46,-99.66,-0.68,1.57
12.0000,360,8.37,-99.33,99.28,-97.40,-0.65,7.72,8.66,-99.83,99.46,-99.66,-0.68,1.57
12.0333,361,8.37,-99.33,99.28,-97.40,-0.65,7.72,8.66,-99.83,99.46,-99.66,-0.68,1.57
12.0667,362,8.37,-99.33,99.28,-97.40,-0.65,7.72,8.66,-99.83,99.46,-99.66,-0.68,1.57
12.1000,363,8.37,-99.33,99.28,-97.40,-0.65,7.72,8.66,-99.83,99.46,-99.66,-0.68,1.57
12.1333,364,8.37,-99.33,99.28,-97.40,-0.65,7.72,8.66,-99.83,99.46,-99.66,-0.68,1.57
12.1667,365,8.37,-99.33,99.28,-97.40,-0.65,7.72,8.66,-99.83,99.46,-99.66,-0.68,1.57
12.2000,366,8.37,-99.33,99.28,-97.40,-0.65,7.72,8.66,-99.83,99.46,-99.66,-0.68,1.57
12.2333,367,8.37,-99.33,99.28,-97.40,-0.65,7.72,8.66,-99.83,99.46,-99.66,-0.68,1.57
12.2667,368,8.37,-99.33,99.28,-97.40,-0.65,7.72,8.66,-99.83,99.46,-99.66,-0.68,1.57
12.3000,369,8.37,-99.33,99.28,-97.40,-0.65,7.72,8.66,-99.83,99.46,-99.66,-0.68,1.57
12.3333,370,8.37,-99.33,99.28,-97.40,-0.65,7.72,8.66,-99.83,99.46,-99.66,-0.68,1.57
12.3667,371,8.37,-99.33,99.28,-97.40,-0.65,7.72,8.66,-99.83,99.46,-99.66,-0.68,1.57
12.4000,372,8.37,-99.33,99.28,-97.40,-0.65,7.72,8.66,-99.83,99.46,-99.66,-0.68,1.57
12.4333,373,8.37,-99.33,99.28,-97.40,-0.65,7.72,8.66,-99.83,99.46,-99.66,-0.68,1.57
12.4667,374,8.37,-99.33,99.28,-97.40,-0.65,7.72,8.66,-99.83,99.46,-99.66,-0.68,1.57
12.5000,375,8.37,-99.33,99.28,-97.40,-0.65,7.72,8.66,-99.83,99.46,-99.66,-0.68,1.57
12.5333,376,8.37,-99.33,99.28,-97.40,-0.65,7.72,8.66,-99.83,99.46,-99.66,-0.68,1.57
12.5667,377,8.37,-99.33,99.28,-97.40,-0.65,7.72,8.66,-99.83,99.46,-99.66,-0.68,1.57
12.6000,378,8.37,-99.33,99.28,-97.40,-0.65,7.72,8.66,-99.83,99.46,-99.66,-0.68,1.57
12.6333,379,8.37,-99.33,99.28,-97.40,-0.65,7.72,8.66,-99.83,99.46,-99.66,-0.68,1.57
12.6667,380,8.37,-99.33,99.28,-97.40,-0.65,7.72,8.66,-99.83,99.46,-99.66,-0.68,1.57
12.7000,381,8.37,-99.33,99.28,-97.40,-0.65,7.72,8.66,-99.83,99.46,-99.66,-0.68,1.57
12.7333,382,8.37,-99.33,99.28,-97.40,-0.65,7.72,8.66,-99.83,99.46,-99.66,-0.68,1.57
12.7667,383,8.37,-99.33,99.28,-97.40,-0.65,7.72,8.66,-99.83,99.46,-99.66,-0.68,1.57
12.8000,384,8.37,-99.33,99.28,-97.40,-0.65,7.72,8.66,-99.83,99.46,-99.66,-0.68,1.57
12.8333,385,8.37,-99.33,99.28,-97.40,-0.65,7.72,8.66,-99.83,99.46,-99.66,-0.68,1.57
12.8667,386,8.37,-99.33,99.28,-97.40,-0.65,7.72,8.66,-99.83,99.46,-99.66,-0.68,1.57
12.9000,387,8.37,-99.33,99.28,-97.40,-0.65,7.72,8.66,-99.83,99.46,-99.66,-0.68,1.57
12.9333,388,8.37,-99.33,99.28,-97.40,-0.65,7.72,8.66,-99.83,99.46,-99.66,-0.68,1.57
12.9667,389,8.37,-99.33,99.28,-97.40,-0.65,7.72,8.66,-99.83,99.46,-99.66,-0.68,1.57
13.0000,390,8.37,-99.33,99.28,-97.40,-0.65,7.72,8.66,-99.83,99.46,-99.66,-0.68,1.57
13.0333,391,8.37,-99.33,99.28,-97.40,-0.65,7.72,8.66,-99.83,99.46,-99.66,-0.68,1.57
13.0667,392,8.37,-99.33,99.28,-97.40,-0.65,7.72,8.66,-99.83,99.46,-99.66,-0.68,1.57
13.1000,393,8.37,-99.33,99.28,-97.40,-0.65,7.72,8.66,-99.83,99.46,-99.66,-0.68,1.57
13.1333,394,8.37,-99.33,99.28,-97.40,-0.65,7.72,8.66,-99.83,99.46,-99.66,-0.68,1.57
13.1667,395,8.37,-99.33,99.28,-97.40,-0.65,7.72,8.66,-99.83,99.46,-99.66,-0.68,1.57
13.2000,396,8.37,-99.33,99.28,-97.40,-0.65,7.72,8.66,-99.83,99.46,-99.66,-0.68,1.57
13.2333,397,8.37,-99.33,99.28,-97.40,-0.65,7.72,8.66,-99.83,99.46,-99.66,-0.68,1.57
13.2667,398,8.37,-99.33,99.28,-97.40,-0.65,7.72,8.66,-99.83,99.46,-99.66,-0.68,1.57
13.3000,399,8.37,-99.33,99.28,-97.40,-0.65,7.72,8.66,-99.83,99.46,-99.66,-0.68,1.57
13.3333,400,8.37,-99.33,99.28,-97.40,-0.65,7.72,8.66,-99.83,99.46,-99.66,-0.68,1.57
13.3667,401,8.37,-99.33,99.28,-97.40,-0.65,7.72,8.66,-99.83,99.46,-99.66,-0.68,1.57
13.4000,402,8.37,-99.33,99.28,-97.40,-0.65,7.72,8.66,-99.83,99.46,-99.66,-0.68,1.57
13.4333,403,8.37,-99.33,99.28,-97.40,-0.65,7.72,8.66,-99.83,99.46,-99.66,-0.68,1.57
13.4667,404,8.37,-99.33,99.28,-97.40,-0.65,7.72,8.66,-99.83,99.46,-99.66,-0.68,1.57
13.5000,405,8.37,-99.33,99.28,-97.40,-0.65,7.72,8.66,-99.83,99.46,-99.66,-0.68,1.57
13.5333,406,8.37,-99.33,99.28,-97.40,-0.65,7.72,8.66,-99.83,99.46,-99.66,-0.68,1.57
13.5667,407,8.37,-99.33,99.28,-97.40,-0.65,7.72,8.66,-99.83,99.46,-99.66,-0.68,1.57
13.6000,408,8.37,-99.33,99.28,-97.40,-0.65,7.72,8.66,-99.83,99.46,-99.66,-0.68,1.57
13.6333,409,8.37,-99.33,99.28,-97.40,-0.65,7.72,8.66,-99.83,99.46,-99.66,-0.68,1.57
13.6667,410,8.37,-99.33,99.28,-97.40,-0.65,7.72,8.66,-99.83,99.46,-99.66,-0.68,1.57
13.7000,411,8.37,-99.33,99.28,-97.40,-0.65,7.72,8.66,-99.83,99.46,-99.66,-0.68,1.57
13.7333,412,8.37,-99.33,99.28,-97.40,-0.65,7.72,8.66,-99.83,99.46,-99.66,-0.68,1.57
13.7667,413,8.37,-99.33,99.28,-97.40,-0.65,7.72,8.66,-99.83,99.46,-99.66,-0.68,1.57
13.8000,414,8.37,-99.33,99.28,-97.40,-0.65,7.72,8.66,-99.83,99.46,-99.66,-0.68,1.57
13.8333,415,8.37,-99.33,99.28,-97.40,-0.65,7.72,8.66,-99.83,99.46,-99.66,-0.68,1.57
13.8667,416,8.37,-99.33,99.28,-97.40,-0.65,7.72,8.66,-99.83,99.46,-99.66,-0.68,1.57
13.9000,417,8.37,-99.33,99.28,-97.40,-0.65,7.72,8.66,-99.83,99.46,-99.66,-0.68,1.57
13.9333,418,8.37,-99.33,99.28,-97.40,-0.65,7.72,8.66,-99.83,99.46,-99.66,-0.68,1.57
13.9667,419,8.37,-99.33,99.28,-97.40,-0.65,7.72,8.66,-99.83,99.46,-99.66,-0.68,1.57
14.0000,420,8.37,-99.33,99.28,-97.40,-0.65,7.72,8.66,-99.83,99.46,-99.66,-0.68,1.57
14.0333,421,8.37,-99.33,99.28,-97.40,-0.65,7.72,8.66,-99.83,99.46,-99.66,-0.68,1.57
14.0667,422,8.37,-99.33,99.28,-97.40,-0.65,7.72,8.66,-99.83,99.46,-99.66,-0.68,1.57
14.1000,423,8.37,-99.33,99.28,-97.40,-0.65,7.72,8.66,-99.83,99.46,-99.66,-0.68,1.57
14.1333,424,8.37,-99.33,99.28,-97.40,-0.65,7.72,8.66,-99.83,99.46,-99.66,-0.68,1.57
14.1667,425,8.37,-99.33,99.28,-97.40,-0.65,7.72,8.66,-99.83,99.46,-99.66,-0.68,1.57
14.2000,426,8.37,-99.33,99.28,-97.40,-0.65,7.72,8.66,-99.83,99.46,-99.66,-0.68,1.57
14.2333,427,8.37,-99.33,99.28,-97.40,-0.65,7.72,8.66,-99.83,99.46,-99.66,-0.68,1.57
14.2667,428,8.37,-99.33,99.28,-97.40,-0.65,7.72,8.66,-99.83,99.46,-99.66,-0.68,1.57
14.3000,429,8.37,-99.33,99.28,-97.40,-0.65,7.72,8.66,-99.83,99.46,-99.66,-0.68,1.57
14.3333,430,8.37,-99.33,99.28,-97.40,-0.65,7.72,8.66,-99.83,99.46,-99.66,-0.68,1.57
14.3667,431,8.37,-99.33,99.28,-97.40,-0.65,7.72,8.66,-99.83,99.46,-99.66,-0.68,1.57
14.4000,432,8.37,-99.33,99.28,-97.40,-0.65,7.72,8.66,-99.83,99.46,-99.66,-0.68,1.57
14.4333,433,8.37,-99.33,99.28,-97.40,-0.65,7.72,8.66,-99.83,99.46,-99.66,-0.68,1.57
14.4667,434,8.37,-99.33,99.28,-97.40,-0.65,7.72,8.66,-99.83,99.46,-99.66,-0.68,1.57
14.5000,435,8.37,-99.33,99.28,-97.40,-0.65,7.72,8.66,-99.83,99.46,-99.66,-0.68,1.57
14.5333,436,8.37,-99.33,99.28,-97.40,-0.65,7.72,8.66,-99.83,99.46,-99.66,-0.68,1.57
14.5667,437,8.37,-99.33,99.28,-97.40,-0.65,7.72,8.66,-99.83,99.46,-99.66,-0.68,1.57
14.6000,438,8.37,-99.33,99.28,-97.40,-0.65,7.72,8.66,-99.83,99.46,-99.66,-0.68,1.57
14.6333,439,8.37,-99.33,99.28,-97.40,-0.65,7.72,8.66,-99.83,99.46,-99.66,-0.68,1.57
14.6667,440,8.37,-99.33,99.28,-97.40,-0.65,7.72,8.66,-99.83,99.46,-99.66,-0.68,1.57
14.7000,441,8.37,-99.33,99.28,-97.40,-0.65,7.72,8.66,-99.83,99.46,-99.66,-0.68,1.57
14.7333,442,8.37,-99.33,99.28,-97.40,-0.65,7.72,8.66,-99.83,99.46,-99.66,-0.68,1.57
14.7667,443,8.37,-99.33,99.28,-97.40,-0.65,7.72,8.66,-99.83,99.46,-99.66,-0.68,1.57
14.8000,444,8.37,-99.33,99.28,-97.40,-0.65,7.72,8.66,-99.83,99.46,-99.66,-0.68,1.57
14.8333,445,8.37,-99.33,99.28,-97.40,-0.65,7.72,8.66,-99.83,99.46,-99.66,-0.68,1.57
14.8667,446,8.37,-99.33,99.28,-97.40,-0.65,7.72,8.66,-99.83,99.46,-99.66,-0.68,1.57
14.9000,447,8.37,-99.33,99.28,-97.40,-0.65,7.72,8.66,-99.83,99.46,-99.66,-0.68,1.57
14.9333,448,8.37,-99.33,99.28,-97.40,-0.65,7.72,8.66,-99.83,99.46,-99.66,-0.68,1.57
14.9667,449,8.37,-99.33,99.28,-97.40,-0.65,7.72,8.66,-99.83,99.46,-99.66,-0.68,1.57
15.0000,450,8.37,-99.33,99.28,-97.40,-0.65,7.72,8.66,-99.83,99.46,-99.66,-0.68,1.57
15.0333,451,8.37,-99.33,99.28,-97.40,-0.65,7.72,8.66,-99.83,99.46,-99.66,-0.68,1.57
15.0667,452,8.37,-99.33,99.28,-97.40,-0.65,7.72,8.66,-99.83,99.46,-99.66,-0.68,1.57
15.1000,453,8.37,-99.33,99.28,-97.40,-0.65,7.72,8.66,-99.83,99.46,-99.66,-0.68,1.57
15.1333,454,8.37,-99.33,99.28,-97.40,-0.65,7.72,8.66,-99.83,99.46,-99.66,-0.68,1.57
15.1667,455,8.37,-99.33,99.28,-97.40,-0.65,7.72,8.66,-99.83,99.46,-99.66,-0.68,1.57
15.2000,456,8.37,-99.33,99.28,-97.40,-0.65,7.72,8.66,-99.83,99.46,-99.66,-0.68,1.57
15.2333,457,8.37,-99.33,99.28,-97.40,-0.65,7.72,8.66,-99.83,99.46,-99.66,-0.68,1.57
15.2667,458,8.37,-99.33,99.28,-97.40,-0.65,7.72,8.66,-99.83,99.46,-99.66,-0.68,1.57
15.3000,459,8.37,-99.33,99.28,-97.40,-0.65,7.72,8.66,-99.83,99.46,-99.66,-0.68,1.57
15.3333,460,8.37,-99.33,99.28,-97.40,-0.65,7.72,8.66,-99.83,99.46,-99.66,-0.68,1.57
15.3667,461,8.37,-99.33,99.28,-97.40,-0.65,7.72,8.66,-99.83,99.46,-99.66,-0.68,1.57
15.4000,462,8.37,-99.33,99.28,-97.40,-0.65,7.72,8.66,-99.83,99.46,-99.66,-0.68,1.57
15.4333,463,8.37,-99.33,99.28,-97.40,-0.65,7.72,8.66,-99.83,99.46,-99.66,-0.68,1.57
15.4667,464,8.37,-99.33,99.28,-97.40,-0.65,7.72,8.66,-99.83,99.46,-99.66,-0.68,1.57
15.5000,465,8.37,-99.33,99.28,-97.40,-0.65,7.72,8.66,-99.83,99.46,-99.66,-0.68,1.57
15.5333,466,8.37,-99.33,99.28,-97.40,-0.65,7.72,8.66,-99.83,99.46,-99.66,-0.68,1.57
15.5667,467,8.37,-99.33,99.28,-97.40,-0.65,7.72,8.66,-99.83,99.46,-99.66,-0.68,1.57
15.6000,468,8.37,-99.33,99.28,-97.40,-0.65,7.72,8.66,-99.83,99.46,-99.66,-0.68,1.57
15.6333,469,8.37,-99.33,99.28,-97.40,-0.65,7.72,8.66,-99.83,99.46,-99.66,-0.68,1.57
15.6667,470,8.37,-99.33,99.28,-97.40,-0.65,7.72,8.66,-99.83,99.46,-99.66,-0.68,1.57
15.7000,471,8.37,-99.33,99.28,-97.40,-0.65,7.72,8.66,-99.83,99.46,-99.66,-0.68,1.57
15.7333,472,8.37,-99.33,99.28,-97.40,-0.65,7.72,8.66,-99.83,99.46,-99.66,-0.68,1.57
15.7667,473,8.37,-99.33,99.28,-97.40,-0.65,7.72,8.66,-99.83,99.46,-99.66,-0.68,1.57
15.8000,474,8.37,-99.33,99.28,-97.40,-0.65,7.72,8.66,-99.83,99.46,-99.66,-0.68,1.57
15.8333,475,8.37,-99.33,99.28,-97.40,-0.65,7.72,8.66,-99.83,99.46,-99.66,-0.68,1.57
15.8667,476,8.37,-99.33,99.28,-97.40,-0.65,7.72,8.66,-99.83,99.46,-99.66,-0.68,1.57
15.9000,477,8.37,-99.33,99.28,-97.40,-0.65,7.72,8.66,-99.83,99.46,-99.66,-0.68,1.57
15.9333,478,8.37,-99.33,99.28,-97.40,-0.65,7.72,8.66,-99.83,99.46,-99.66,-0.68,1.57
15.9667,479,8.37,-99.33,99.28,-97.40,-0.65,7.72,8.66,-99.83,99.46,-99.66,-0.68,1.57
16.0000,480,8.37,-99.33,99.28,-97.40,-0.65,7.72,8.66,-99.83,99.46,-99.66,-0.68,1.57
16.0333,481,8.37,-99.33,99.28,-97.40,-0.65,7.72,8.66,-99.83,99.46,-99.66,-0.68,1.57
16.0667,482,8.37,-99.33,99.28,-97.40,-0.65,7.72,8.66,-99.83,99.46,-99.66,-0.68,1.57
16.1000,483,8.37,-99.33,99.28,-97.40,-0.65,7.72,8.66,-99.83,99.46,-99.66,-0.68,1.57
16.1333,484,8.37,-99.33,99.28,-97.40,-0.65,7.72,8.66,-99.83,99.46,-99.66,-0.68,1.57
16.1667,485,8.37,-99.33,99.28,-97.40,-0.65,7.72,8.66,-99.83,99.46,-99.66,-0.68,1.57
16.2000,486,8.37,-99.33,99.28,-97.40,-0.65,7.72,8.66,-99.83,99.46,-99.66,-0.68,1.57
16.2333,487,8.37,-99.33,99.28,-97.40,-0.65,7.72,8.66,-99.83,99.46,-99.66,-0.68,1.57
16.2667,488,8.37,-99.33,99.28,-97.40,-0.65,7.72,8.66,-99.83,99.46,-99.66,-0.68,1.57
16.3000,489,8.37,-99.33,99.28,-97.40,-0.65,7.72,8.66,-99.83,99.46,-99.66,-0.68,1.57
16.3333,490,8.37,-99.33,99.28,-97.40,-0.65,7.72,8.66,-99.83,99.46,-99.66,-0.68,1.57
16.3667,491,8.37,-99.33,99.28,-97.40,-0.65,7.72,8.66,-99.83,99.46,-99.66,-0.68,1.57
16.4000,492,8.37,-99.33,99.28,-97.40,-0.65,7.72,8.66,-99.83,99.46,-99.66,-0.68,1.57
16.4333,493,8.37,-99.33,99.28,-97.40,-0.65,7.72,8.66,-99.83,99.46,-99.66,-0.68,1.57
16.4667,494,8.37,-99.33,99.28,-97.40,-0.65,7.72,8.66,-99.83,99.46,-99.66,-0.68,1.57
16.5000,495,8.37,-99.33,99.28,-97.40,-0.65,7.72,8.66,-99.83,99.46,-99.66,-0.68,1.57
16.5333,496,8.37,-99.33,99.28,-97.40,-0.65,7.72,8.66,-99.83,99.46,-99.66,-0.68,1.57
16.5667,497,8.37,-99.33,99.28,-97.40,-0.65,7.72,8.66,-99.83,99.46,-99.66,-0.68,1.57
16.6000,498,8.37,-99.33,99.28,-97.40,-0.65,7.72,8.66,-99.83,99.46,-99.66,-0.68,1.57
16.6333,499,8.37,-99.33,99.28,-97.40,-0.65,7.72,8.66,-99.83,99.46,-99.66,-0.68,1.57
16.6667,500,8.37,-99.33,99.28,-97.40,-0.65,7.72,8.66,-99.83,99.46,-99.66,-0.68,1.57
16.7000,501,8.37,-99.33,99.28,-97.40,-0.65,7.72,8.66,-99.83,99.46,-99.66,-0.68,1.57
16.7333,502,8.37,-99.33,99.28,-97.40,-0.65,7.72,8.66,-99.83,99.46,-99.66,-0.68,1.57
16.7667,503,8.37,-99.33,99.28,-97.40,-0.65,7.72,8.66,-99.83,99.46,-99.66,-0.68,1.57
16.8000,504,8.37,-99.33,99.28,-97.40,-0.65,7.72,8.66,-99.83,99.46,-99.66,-0.68,1.57
16.8333,505,8.37,-99.33,99.28,-97.40,-0.65,7.72,8.66,-99.83,99.46,-99.66,-0.68,1.57
16.8667,506,8.37,-99.33,99.28,-97.40,-0.65,7.72,8.66,-99.83,99.46,-99.66,-0.68,1.57
16.9000,507,8.37,-99.33,99.28,-97.40,-0.65,7.72,8.66,-99.83,99.46,-99.66,-0.68,1.57
16.9333,508,8.37,-99.33,99.28,-97.40,-0.65,7.72,8.66,-99.83,99.46,-99.66,-0.68,1.57
16.9667,509,8.37,-99.33,99.28,-97.40,-0.65,7.72,8.66,-99.83,99.46,-99.66,-0.68,1.57
17.0000,510,8.37,-99.33,99.28,-97.40,-0.65,7.72,8.66,-99.83,99.46,-99.66,-0.68,1.57
17.0333,511,8.37,-99.33,99.28,-97.40,-0.65,7.72,8.66,-99.83,99.46,-99.66,-0.68,1.57
17.0667,512,8.37,-99.33,99.28,-97.40,-0.65,7.72,8.66,-99.83,99.46,-99.66,-0.68,1.57
17.1000,513,8.37,-99.33,99.28,-97.40,-0.65,7.72,8.66,-99.83,99.46,-99.66,-0.68,1.57
17.1333,514,8.37,-99.33,99.28,-97.40,-0.65,7.72,8.66,-99.83,99.46,-99.66,-0.68,1.57
17.1667,515,8.37,-99.33,99.28,-97.40,-0.65,7.72,8.66,-99.83,99.46,-99.66,-0.68,1.57
17.2000,516,8.37,-99.33,99.28,-97.40,-0.65,7.72,8.66,-99.83,99.46,-99.66,-0.68,1.57
17.2333,517,8.37,-99.33,99.28,-97.40,-0.65,7.72,8.66,-99.83,99.46,-99.66,-0.68,1.57
17.2667,518,8.37,-99.33,99.28,-97.40,-0.65,7.72,8.66,-99.83,99.46,-99.66,-0.68,1.57
17.3000,519,8.37,-99.33,99.28,-97.40,-0.65,7.72,8.66,-99.83,99.46,-99.66,-0.68,1.57
17.3333,520,8.37,-99.33,99.28,-97.40,-0.65,7.72,8.66,-99.83,99.46,-99.66,-0.68,1.57
17.3667,521,8.37,-99.33,99.28,-97.40,-0.65,7.72,8.66,-99.83,99.46,-99.66,-0.68,1.57
17.4000,522,8.37,-99.33,99.28,-97.40,-0.65,7.72,8.66,-99.83,99.46,-99.66,-0.68,1.57
17.4333,523,8.37,-99.33,99.28,-97.40,-0.65,7.72,8.66,-99.83,99.46,-99.66,-0.68,1.57
17.4667,524,8.37,-99.33,99.28,-97.40,-0.65,7.72,8.66,-99.83,99.46,-99.66,-0.68,1.57
17.5000,525,8.37,-99.33,99.28,-97.40,-0.65,7.72,8.66,-99.83,99.46,-99.66,-0.68,1.57
17.5333,526,8.37,-99.33,99.28,-97.40,-0.65,7.72,8.66,-99.83,99.46,-99.66,-0.68,1.57
17.5667,527,8.37,-99.33,99.28,-97.40,-0.65,7.72,8.66,-99.83,99.46,-99.66,-0.68,1.57
17.6000,528,8.37,-99.33,99.28,-97.40,-0.65,7.72,8.66,-99.83,99.46,-99.66,-0.68,1.57
17.6333,529,8.37,-99.33,99.28,-97.40,-0.65,7.72,8.66,-99.83,99.46,-99.66,-0.68,1.57
17.6667,530,8.37,-99.33,99.28,-97.40,-0.65,7.72,8.66,-99.83,99.46,-99.66,-0.68,1.57
17.7000,531,8.37,-99.33,99.28,-97.40,-0.65,7.72,8.66,-99.83,99.46,-99.66,-0.68,1.57
17.7333,532,8.37,-99.33,99.28,-97.40,-0.65,7.72,8.66,-99.83,99.46,-99.66,-0.68,1.57
17.7667,533,8.37,-99.33,99.28,-97.40,-0.65,7.72,8.66,-99.83,99.46,-99.66,-0.68,1.57
17.8000,534,8.37,-99.33,99.28,-97.40,-0.65,7.72,8.66,-99.83,99.46,-99.66,-0.68,1.57
17.8333,535,8.37,-99.33,99.28,-97.40,-0.65,7.72,8.66,-99.83,99.46,-99.66,-0.68,1.57
17.8667,536,8.37,-99.33,99.28,-97.40,-0.65,7.72,8.66,-99.83,99.46,-99.66,-0.68,1.57
17.9000,537,8.37,-99.33,99.28,-97.40,-0.65,7.72,8.66,-99.83,99.46,-99.66,-0.68,1.57
17.9333,538,8.37,-99.33,99.28,-97.40,-0.65,7.72,8.66,-99.83,99.46,-99.66,-0.68,1.57
17.9667,539,8.37,-99.33,99.28,-97.40,-0.65,7.72,8.66,-99.83,99.46,-99.66,-0.68,1.57
18.0000,540,8.37,-99.33,99.28,-97.40,-0.65,7.72,8.66,-99.83,99.46,-99.66,-0.68,1.57
18.0333,541,8.37,-99.33,99.28,-97.40,-0.65,7.72,8.66,-99.83,99.46,-99.66,-0.68,1.57
18.0667,542,8.37,-99.33,99.28,-97.40,-0.65,7.72,8.66,-99.83,99.46,-99.66,-0.68,1.57
18.1000,543,8.37,-99.33,99.28,-97.40,-0.65,7.72,8.66,-99.83,99.46,-99.66,-0.68,1.57
18.1333,544,8.37,-99.33,99.28,-97.40,-0.65,7.72,8.66,-99.83,99.46,-99.66,-0.68,1.57
18.1667,545,8.37,-99.33,99.28,-97.40,-0.65,7.72,8.66,-99.83,99.46,-99.66,-0.68,1.57
18.2000,546,8.37,-99.33,99.28,-97.40,-0.65,7.72,8.66,-99.83,99.46,-99.66,-0.68,1.57
18.2333,547,8.37,-99.33,99.28,-97.40,-0.65,7.72,8.66,-99.83,99.46,-99.66,-0.68,1.57
18.2667,548,8.37,-99.33,99.28,-97.40,-0.65,7.72,8.66,-99.83,99.46,-99.66,-0.68,1.57
18.3000,549,8.37,-99.33,99.28,-97.40,-0.65,7.72,8.66,-99.83,99.46,-99.66,-0.68,1.57
18.3333,550,8.37,-99.33,99.28,-97.40,-0.65,7.72,8.66,-99.83,99.46,-99.66,-0.68,1.57
18.3667,551,8.37,-99.33,99.28,-97.40,-0.65,7.72,8.66,-99.83,99.46,-99.66,-0.68,1.57
18.4000,552,8.37,-99.33,99.28,-97.40,-0.65,7.72,8.66,-99.83,99.46,-99.66,-0.68,1.57
18.4333,553,8.37,-99.33,99.28,-97.40,-0.65,7.72,8.66,-99.83,99.46,-99.66,-0.68,1.57
18.4667,554,8.37,-99.33,99.28,-97.40,-0.65,7.72,8.66,-99.83,99.46,-99.66,-0.68,1.57
18.5000,555,8.37,-99.33,99.28,-97.40,-0.65,7.72,8.66,-99.83,99.46,-99.66,-0.68,1.57
18.5333,556,8.37,-99.33,99.28,-97.40,-0.65,7.72,8.66,-99.83,99.46,-99.66,-0.68,1.57
18.5667,557,8.37,-99.33,99.28,-97.40,-0.65,7.72,8.66,-99.83,99.46,-99.66,-0.68,1.57
18.6000,558,8.37,-99.33,99.28,-97.40,-0.65,7.72,8.66,-99.83,99.46,-99.66,-0.68,1.57
18.6333,559,8.37,-99.33,99.28,-97.40,-0.65,7.72,8.66,-99.83,99.46,-99.66,-0.68,1.57
18.6667,560,8.37,-99.33,99.28,-97.40,-0.65,7.72,8.66,-99.83,99.46,-99.66,-0.68,1.57
18.7000,561,8.37,-99.33,99.28,-97.40,-0.65,7.72,8.66,-99.83,99.46,-99.66,-0.68,1.57
18.7333,562,8.37,-99.33,99.28,-97.40,-0.65,7.72,8.66,-99.83,99.46,-99.66,-0.68,1.57
18.7667,563,8.37,-99.33,99.28,-97.40,-0.65,7.72,8.66,-99.83,99.46,-99.66,-0.68,1.57
18.8000,564,8.37,-99.33,99.28,-97.40,-0.65,7.72,8.66,-99.83,99.46,-99.66,-0.68,1.57
18.8333,565,8.37,-99.33,99.28,-97.40,-0.65,7.72,8.66,-99.83,99.46,-99.66,-0.68,1.57
18.8667,566,8.37,-99.33,99.28,-97.40,-0.65,7.72,8.66,-99.83,99.46,-99.66,-0.68,1.57
18.9000,567,8.37,-99.33,99.28,-97.40,-0.65,7.72,8.66,-99.83,99.46,-99.66,-0.68,1.57
18.9333,568,8.37,-99.33,99.28,-97.40,-0.65,7.72,8.66,-99.83,99.46,-99.66,-0.68,1.57
18.9667,569,8.37,-99.33,99.28,-97.40,-0.65,7.72,8.66,-99.83,99.46,-99.66,-0.68,1.57
19.0000,570,8.37,-99.33,99.28,-97.40,-0.65,7.72,8.66,-99.83,99.46,-99.66,-0.68,1.57
19.0333,571,8.37,-99.33,99.28,-97.40,-0.65,7.72,8.66,-99.83,99.46,-99.66,-0.68,1.57
19.0667,572,8.37,-99.33,99.28,-97.40,-0.65,7.72,8.66,-99.83,99.46,-99.66,-0.68,1.57
19.1000,573,8.37,-99.33,99.28,-97.40,-0.65,7.72,8.66,-99.83,99.46,-99.66,-0.68,1.57
19.1333,574,8.37,-99.33,99.28,-97.40,-0.65,7.72,8.66,-99.83,99.46,-99.66,-0.68,1.57
19.1667,575,8.37,-99.33,99.28,-97.40,-0.65,7.72,8.66,-99.83,99.46,-99.66,-0.68,1.57
19.2000,576,8.37,-99.33,99.28,-97.40,-0.65,7.72,8.66,-99.83,99.46,-99.66,-0.68,1.57
19.2333,577,8.37,-99.33,99.28,-97.40,-0.65,7.72,8.66,-99.83,99.46,-99.66,-0.68,1.57
19.2667,578,8.37,-99.33,99.28,-97.40,-0.65,7.72,8.66,-99.83,99.46,-99.66,-0.68,1.57
19.3000,579,8.37,-99.33,99.28,-97.40,-0.65,7.72,8.66,-99.83,99.46,-99.66,-0.68,1.57
19.3333,580,8.37,-99.33,99.28,-97.40,-0.65,7.72,8.66,-99.83,99.46,-99.66,-0.68,1.57
19.3667,581,8.37,-99.33,99.28,-97.40,-0.65,7.72,8.66,-99.83,99.46,-99.66,-0.68,1.57
19.4000,582,8.37,-99.33,99.28,-97.40,-0.65,7.72,8.66,-99.83,99.46,-99.66,-0.68,1.57
19.4333,583,8.37,-99.33,99.28,-97.40,-0.65,7.72,8.66,-99.83,99.46,-99.66,-0.68,1.57
19.4667,584,8.37,-99.33,99.28,-97.40,-0.65,7.72,8.66,-99.83,99.46,-99.66,-0.68,1.57
19.5000,585,8.37,-99.33,99.28,-97.40,-0.65,7.72,8.66,-99.83,99.46,-99.66,-0.68,1.57
19.5333,586,8.37,-99.33,99.28,-97.40,-0.65,7.72,8.66,-99.83,99.46,-99.66,-0.68,1.57
19.5667,587,8.37,-99.33,99.28,-97.40,-0.65,7.72,8.66,-99.83,99.46,-99.66,-0.68,1.57
19.6000,588,8.37,-99.33,99.28,-97.40,-0.65,7.72,8.66,-99.83,99.46,-99.66,-0.68,1.57
19.6333,589,8.37,-99.33,99.28,-97.40,-0.65,7.72,8.66,-99.83,99.46,-99.66,-0.68,1.57
19.6667,590,8.37,-99.33,99.28,-97.40,-0.65,7.72,8.66,-99.83,99.46,-99.66,-0.68,1.57
19.7000,591,8.37,-99.33,99.28,-97.40,-0.65,7.72,8.66,-99.83,99.46,-99.66,-0.68,1.57
19.7333,592,8.37,-99.33,99.28,-97.40,-0.65,7.72,8.66,-99.83,99.46,-99.66,-0.68,1.57
19.7667,593,8.37,-99.33,99.28,-97.40,-0.65,7.72,8.66,-99.83,99.46,-99.66,-0.68,1.57
19.8000,594,8.37,-99.33,99.28,-97.40,-0.65,7.72,8.66,-99.83,99.46,-99.66,-0.68,1.57
19.8333,595,8.37,-99.33,99.28,-97.40,-0.65,7.72,8.66,-99.83,99.46,-99.66,-0.68,1.57
19.8667,596,8.37,-99.33,99.28,-97.40,-0.65,7.72,8.66,-99.83,99.46,-99.66,-0.68,1.57
19.9000,597,8.37,-99.33,99.28,-97.40,-0.65,7.72,8.66,-99.83,99.46,-99.66,-0.68,1.57
19.9333,598,8.37,-99.33,99.28,-97.40,-0.65,7.72,8.66,-99.83,99.46,-99.66,-0.68,1.57
19.9667,599,8.37,-99.33,99.28,-97.40,-0.65,7.72,8.66,-99.83,99.46,-99.66,-0.68,1.57
20.0000,600,8.37,-99.33,99.28,-97.40,-0.65,7.72,8.66,-99.83,99.46,-99.66,-0.68,1.57
20.0333,601,8.37,-99.33,99.28,-97.40,-0.65,7.72,8.66,-99.83,99.46,-99.66,-0.68,1.57
20.0667,602,8.37,-99.33,99.28,-97.40,-0.65,7.72,8.66,-99.83,99.46,-99.66,-0.68,1.57
20.1000,603,8.37,-99.33,99.28,-97.40,-0.65,7.72,8.66,-99.83,99.46,-99.66,-0.68,1.57
20.1333,604,8.37,-99.33,99.28,-97.40,-0.65,7.72,8.66,-99.83,99.46,-99.66,-0.68,1.57
20.1667,605,8.37,-99.33,99.28,-97.40,-0.65,7.72,8.66,-99.83,99.46,-99.66,-0.68,1.57
20.2000,606,8.37,-99.33,99.28,-97.40,-0.65,7.72,8.66,-99.83,99.46,-99.66,-0.68,1.57
20.2333,607,8.37,-99.33,99.28,-97.40,-0.65,7.72,8.66,-99.83,99.46,-99.66,-0.68,1.57
20.2667,608,8.37,-99.33,99.28,-97.40,-0.65,7.72,8.66,-99.83,99.46,-99.66,-0.68,1.57
20.3000,609,8.37,-99.33,99.28,-97.40,-0.65,7.72,8.66,-99.83,99.46,-99.66,-0.68,1.57
20.3333,610,8.37,-99.33,99.28,-97.40,-0.65,7.72,8.66,-99.83,99.46,-99.66,-0.68,1.57
20.3667,611,8.37,-99.33,99.28,-97.40,-0.65,7.72,8.66,-99.83,99.46,-99.66,-0.68,1.57
20.4000,612,8.37,-99.33,99.28,-97.40,-0.65,7.72,8.66,-99.83,99.46,-99.66,-0.68,1.57
20.4333,613,8.37,-99.33,99.28,-97.40,-0.65,7.72,8.66,-99.83,99.46,-99.66,-0.68,1.57
20.4667,614,8.37,-99.33,99.28,-97.40,-0.65,7.72,8.66,-99.83,99.46,-99.66,-0.68,1.57
20.5000,615,8.37,-99.33,99.28,-97.40,-0.65,7.72,8.66,-99.83,99.46,-99.66,-0.68,1.57
20.5333,616,8.37,-99.33,99.28,-97.40,-0.65,7.72,8.66,-99.83,99.46,-99.66,-0.68,1.57
20.5667,617,8.37,-99.33,99.28,-97.40,-0.65,7.72,8.66,-99.83,99.46,-99.66,-0.68,1.57
20.6000,618,8.37,-99.33,99.28,-97.40,-0.65,7.72,8.66,-99.83,99.46,-99.66,-0.68,1.57
20.6333,619,8.37,-99.33,99.28,-97.40,-0.65,7.72,8.66,-99.83,99.46,-99.66,-0.68,1.57
20.6667,620,8.37,-99.33,99.28,-97.40,-0.65,7.72,8.66,-99.83,99.46,-99.66,-0.68,1.57
20.7000,621,8.37,-99.33,99.28,-97.40,-0.65,7.72,8.66,-99.83,99.46,-99.66,-0.68,1.57
20.7333,622,8.37,-99.33,99.28,-97.40,-0.65,7.72,8.66,-99.83,99.46,-99.66,-0.68,1.57
20.7667,623,8.37,-99.33,99.28,-97.40,-0.65,7.72,8.66,-99.83,99.46,-99.66,-0.68,1.57
20.8000,624,8.37,-99.33,99.28,-97.40,-0.65,7.72,8.66,-99.83,99.46,-99.66,-0.68,1.57
20.8333,625,8.37,-99.33,99.28,-97.40,-0.65,7.72,8.66,-99.83,99.46,-99.66,-0.68,1.57
20.8667,626,8.37,-99.33,99.28,-97.40,-0.65,7.72,8.66,-99.83,99.46,-99.66,-0.68,1.57
20.9000,627,8.37,-99.33,99.28,-97.40,-0.65,7.72,8.66,-99.83,99.46,-99.66,-0.68,1.57
20.9333,628,8.37,-99.33,99.28,-97.40,-0.65,7.72,8.66,-99.83,99.46,-99.66,-0.68,1.57
20.9667,629,8.37,-99.33,99.28,-97.40,-0.65,7.72,8.66,-99.83,99.46,-99.66,-0.68,1.57
21.0000,630,8.37,-99.33,99.28,-97.40,-0.65,7.72,8.66,-99.83,99.46,-99.66,-0.68,1.57
21.0333,631,8.37,-99.33,99.28,-97.40,-0.65,7.72,8.66,-99.83,99.46,-99.66,-0.68,1.57
21.0667,632,8.37,-99.33,99.28,-97.40,-0.65,7.72,8.66,-99.83,99.46,-99.66,-0.68,1.57
21.1000,633,8.37,-99.33,99.28,-97.40,-0.65,7.72,8.66,-99.83,99.46,-99.66,-0.68,1.57
21.1333,634,8.37,-99.33,99.28,-97.40,-0.65,7.72,8.66,-99.83,99.46,-99.66,-0.68,1.57
21.1667,635,8.37,-99.33,99.28,-97.40,-0.65,7.72,8.66,-99.83,99.46,-99.66,-0.68,1.57
21.2000,636,8.37,-99.33,99.28,-97.40,-0.65,7.72,8.66,-99.83,99.46,-99.66,-0.68,1.57
21.2333,637,8.37,-99.33,99.28,-97.40,-0.65,7.72,8.66,-99.83,99.46,-99.66,-0.68,1.57
21.2667,638,8.37,-99.33,99.28,-97.40,-0.65,7.72,8.66,-99.83,99.46,-99.66,-0.68,1.57
21.3000,639,8.37,-99.33,99.28,-97.40,-0.65,7.72,8.66,-99.83,99.46,-99.66,-0.68,1.57
21.3333,640,8.37,-99.33,99.28,-97.40,-0.65,7.72,8.66,-99.83,99.46,-99.66,-0.68,1.57
21.3667,641,8.37,-99.33,99.28,-97.40,-0.65,7.72,8.66,-99.83,99.46,-99.66,-0.68,1.57
21.4000,642,8.37,-99.33,99.28,-97.40,-0.65,7.72,8.66,-99.83,99.46,-99.66,-0.68,1.57
21.4333,643,8.37,-99.33,99.28,-97.40,-0.65,7.72,8.66,-99.83,99.46,-99.66,-0.68,1.57
21.4667,644,8.37,-99.33,99.28,-97.40,-0.65,7.72,8.66,-99.83,99.46,-99.66,-0.68,1.57
21.5000,645,8.37,-99.33,99.28,-97.40,-0.65,7.72,8.66,-99.83,99.46,-99.66,-0.68,1.57
21.5333,646,8.37,-99.33,99.28,-97.40,-0.65,7.72,8.66,-99.83,99.46,-99.66,-0.68,1.57
21.5667,647,8.37,-99.33,99.28,-97.40,-0.65,7.72,8.66,-99.83,99.46,-99.66,-0.68,1.57
21.6000,648,8.37,-99.33,99.28,-97.40,-0.65,7.72,8.66,-99.83,99.46,-99.66,-0.68,1.57
21.6333,649,8.37,-99.33,99.28,-97.40,-0.65,7.72,8.66,-99.83,99.46,-99.66,-0.68,1.57
21.6667,650,8.37,-99.33,99.28,-97.40,-0.65,7.72,8.66,-99.83,99.46,-99.66,-0.68,1.57
21.7000,651,8.37,-99.33,99.28,-97.40,-0.65,7.72,8.66,-99.83,99.46,-99.66,-0.68,1.57
21.7333,652,8.37,-99.33,99.28,-97.40,-0.65,7.72,8.66,-99.83,99.46,-99.66,-0.68,1.57
21.7667,653,8.37,-99.33,99.28,-97.40,-0.65,7.72,8.66,-99.83,99.46,-99.66,-0.68,1.57
21.8000,654,8.37,-99.33,99.28,-97.40,-0.65,7.72,8.66,-99.83,99.46,-99.66,-0.68,1.57
21.8333,655,8.37,-99.33,99.28,-97.40,-0.65,7.72,8.66,-99.83,99.46,-99.66,-0.68,1.57
21.8667,656,8.37,-99.33,99.28,-97.40,-0.65,7.72,8.66,-99.83,99.46,-99.66,-0.68,1.57
21.9000,657,8.37,-99.33,99.28,-97.40,-0.65,7.72,8.66,-99.83,99.46,-99.66,-0.68,1.57
21.9333,658,8.37,-99.33,99.28,-97.40,-0.65,7.72,8.66,-99.83,99.46,-99.66,-0.68,1.57
21.9667,659,8.37,-99.33,99.28,-97.40,-0.65,7.72,8.66,-99.83,99.46,-99.66,-0.68,1.57
22.0000,660,8.37,-99.33,99.28,-97.40,-0.65,7.72,8.66,-99.83,99.46,-99.66,-0.68,1.57
22.0333,661,8.37,-99.33,99.28,-97.40,-0.65,7.72,8.66,-99.83,99.46,-99.66,-0.68,1.57
22.0667,662,8.37,-99.33,99.28,-97.40,-0.65,7.72,8.66,-99.83,99.46,-99.66,-0.68,1.57
22.1000,663,8.37,-99.33,99.28,-97.40,-0.65,7.72,8.66,-99.83,99.46,-99.66,-0.68,1.57
22.1333,664,8.37,-99.33,99.28,-97.40,-0.65,7.72,8.66,-99.83,99.46,-99.66,-0.68,1.57
22.1667,665,8.37,-99.33,99.28,-97.40,-0.65,7.72,8.66,-99.83,99.46,-99.66,-0.68,1.57
22.2000,666,8.37,-99.33,99.28,-97.40,-0.65,7.72,8.66,-99.83,99.46,-99.66,-0.68,1.57
22.2333,667,8.37,-99.33,99.28,-97.40,-0.65,7.72,8.66,-99.83,99.46,-99.66,-0.68,1.57
22.2667,668,8.37,-99.33,99.28,-97.40,-0.65,7.72,8.66,-99.83,99.46,-99.66,-0.68,1.57
22.3000,669,8.37,-99.33,99.28,-97.40,-0.65,7.72,8.66,-99.83,99.46,-99.66,-0.68,1.57
22.3333,670,8.37,-99.33,99.28,-97.40,-0.65,7.72,8.66,-99.83,99.46,-99.66,-0.68,1.57
22.3667,671,8.37,-99.33,99.28,-97.40,-0.65,7.72,8.66,-99.83,99.46,-99.66,-0.68,1.57
22.4000,672,8.37,-99.33,99.28,-97.40,-0.65,7.72,8.66,-99.83,99.46,-99.66,-0.68,1.57
22.4333,673,8.37,-99.33,99.28,-97.40,-0.65,7.72,8.66,-99.83,99.46,-99.66,-0.68,1.57
22.4667,674,8.37,-99.33,99.28,-97.40,-0.65,7.72,8.66,-99.83,99.46,-99.66,-0.68,1.57
22.5000,675,8.37,-99.33,99.28,-97.40,-0.65,7.72,8.66,-99.83,99.46,-99.66,-0.68,1.57
22.5333,676,8.37,-99.33,99.28,-97.40,-0.65,7.72,8.66,-99.83,99.46,-99.66,-0.68,1.57
22.5667,677,8.37,-99.33,99.28,-97.40,-0.65,7.72,8.66,-99.83,99.46,-99.66,-0.68,1.57
22.6000,678,8.37,-99.33,99.28,-97.40,-0.65,7.72,8.66,-99.83,99.46,-99.66,-0.68,1.57
22.6333,679,8.37,-99.33,99.28,-97.40,-0.65,7.72,8.66,-99.83,99.46,-99.66,-0.68,1.57
22.6667,680,8.37,-99.33,99.28,-97.40,-0.65,7.72,8.66,-99.83,99.46,-99.66,-0.68,1.57
22.7000,681,8.37,-99.33,99.28,-97.40,-0.65,7.72,8.66,-99.83,99.46,-99.66,-0.68,1.57
22.7333,682,8.37,-99.33,99.28,-97.40,-0.65,7.72,8.66,-99.83,99.46,-99.66,-0.68,1.57
22.7667,683,8.37,-99.33,99.28,-97.40,-0.65,7.72,8.66,-99.83,99.46,-99.66,-0.68,1.57
22.8000,684,8.37,-99.33,99.28,-97.40,-0.65,7.72,8.66,-99.83,99.46,-99.66,-0.68,1.57
22.8333,685,8.37,-99.33,99.28,-97.40,-0.65,7.72,8.66,-99.83,99.46,-99.66,-0.68,1.57
22.8667,686,8.37,-99.33,99.28,-97.40,-0.65,7.72,8.66,-99.83,99.46,-99.66,-0.68,1.57
22.9000,687,8.37,-99.33,99.28,-97.40,-0.65,7.72,8.66,-99.83,99.46,-99.66,-0.68,1.57
22.9333,688,8.37,-99.33,99.28,-97.40,-0.65,7.72,8.66,-99.83,99.46,-99.66,-0.68,1.57
22.9667,689,8.37,-99.33,99.28,-97.40,-0.65,7.72,8.66,-99.83,99.46,-99.66,-0.68,1.57
23.0000,690,8.37,-99.33,99.28,-97.40,-0.65,7.72,8.66,-99.83,99.46,-99.66,-0.68,1.57
23.0333,691,8.37,-99.33,99.28,-97.40,-0.65,7.72,8.66,-99.83,99.46,-99.66,-0.68,1.57
23.0667,692,8.37,-99.33,99.28,-97.40,-0.65,7.72,8.66,-99.83,99.46,-99.66,-0.68,1.57
23.1000,693,8.37,-99.33,99.28,-97.40,-0.65,7.72,8.66,-99.83,99.46,-99.66,-0.68,1.57
23.1333,694,8.37,-99.33,99.28,-97.40,-0.65,7.72,8.66,-99.83,99.46,-99.66,-0.68,1.57
23.1667,695,8.37,-99.33,99.28,-97.40,-0.65,7.72,8.66,-99.83,99.46,-99.66,-0.68,1.57
23.2000,696,8.37,-99.33,99.28,-97.40,-0.65,7.72,8.66,-99.83,99.46,-99.66,-0.68,1.57
23.2333,697,8.37,-99.33,99.28,-97.40,-0.65,7.72,8.66,-99.83,99.46,-99.66,-0.68,1.57
23.2667,698,8.37,-99.33,99.28,-97.40,-0.65,7.72,8.66,-99.83,99.46,-99.66,-0.68,1.57
23.3000,699,8.37,-99.33,99.28,-97.40,-0.65,7.72,8.66,-99.83,99.46,-99.66,-0.68,1.57
23.3333,700,8.37,-99.33,99.28,-97.40,-0.65,7.72,8.66,-99.83,99.46,-99.66,-0.68,1.57
23.3667,701,8.37,-99.33,99.28,-97.40,-0.65,7.72,8.66,-99.83,99.46,-99.66,-0.68,1.57
23.4000,702,8.37,-99.33,99.28,-97.40,-0.65,7.72,8.66,-99.83,99.46,-99.66,-0.68,1.57
23.4333,703,8.37,-99.33,99.28,-97.40,-0.65,7.72,8.66,-99.83,99.46,-99.66,-0.68,1.57
23.4667,704,8.37,-99.33,99.28,-97.40,-0.65,7.72,8.66,-99.83,99.46,-99.66,-0.68,1.57
23.5000,705,8.37,-99.33,99.28,-97.40,-0.65,7.72,8.66,-99.83,99.46,-99.66,-0.68,1.57
23.5333,706,8.37,-99.33,99.28,-97.40,-0.65,7.72,8.66,-99.83,99.46,-99.66,-0.68,1.57
23.5667,707,8.37,-99.33,99.28,-97.40,-0.65,7.72,8.66,-99.83,99.46,-99.66,-0.68,1.57
23.6000,708,8.37,-99.33,99.28,-97.40,-0.65,7.72,8.66,-99.83,99.46,-99.66,-0.68,1.57
23.6333,709,8.37,-99.33,99.28,-97.40,-0.65,7.72,8.66,-99.83,99.46,-99.66,-0.68,1.57
23.6667,710,8.37,-99.33,99.28,-97.40,-0.65,7.72,8.66,-99.83,99.46,-99.66,-0.68,1.57
23.7000,711,8.37,-99.33,99.28,-97.40,-0.65,7.72,8.66,-99.83,99.46,-99.66,-0.68,1.57
23.7333,712,8.37,-99.33,99.28,-97.40,-0.65,7.72,8.66,-99.83,99.46,-99.66,-0.68,1.57
23.7667,713,8.37,-99.33,99.28,-97.40,-0.65,7.72,8.66,-99.83,99.46,-99.66,-0.68,1.57
23.8000,714,8.37,-99.33,99.28,-97.40,-0.65,7.72,8.66,-99.83,99.46,-99.66,-0.68,1.57
23.8333,715,8.37,-99.33,99.28,-97.40,-0.65,7.72,8.66,-99.83,99.46,-99.66,-0.68,1.57
23.8667,716,8.37,-99.33,99.28,-97.40,-0.65,7.72,8.66,-99.83,99.46,-99.66,-0.68,1.57
23.9000,717,8.37,-99.33,99.28,-97.40,-0.65,7.72,8.66,-99.83,99.46,-99.66,-0.68,1.57
23.9333,718,8.37,-99.33,99.28,-97.40,-0.65,7.72,8.66,-99.83,99.46,-99.66,-0.68,1.57
23.9667,719,8.37,-99.33,99.28,-97.40,-0.65,7.72,8.66,-99.83,99.46,-99.66,-0.68,1.57
24.0000,720,8.37,-99.33,99.28,-97.40,-0.65,7.72,8.66,-99.83,99.46,-99.66,-0.68,1.57
24.0333,721,8.37,-99.33,99.28,-97.40,-0.65,7.72,8.66,-99.83,99.46,-99.66,-0.68,1.57
24.0667,722,8.37,-99.33,99.28,-97.40,-0.65,7.72,8.66,-99.83,99.46,-99.66,-0.68,1.57
24.1000,723,8.37,-99.33,99.28,-97.40,-0.65,7.72,8.66,-99.83,99.46,-99.66,-0.68,1.57
24.1333,724,8.37,-99.33,99.28,-97.40,-0.65,7.72,8.66,-99.83,99.46,-99.66,-0.68,1.57
24.1667,725,8.37,-99.33,99.28,-97.40,-0.65,7.72,8.66,-99.83,99.46,-99.66,-0.68,1.57
24.2000,726,8.37,-99.33,99.28,-97.40,-0.65,7.72,8.66,-99.83,99.46,-99.66,-0.68,1.57
24.2333,727,8.37,-99.33,99.28,-97.40,-0.65,7.72,8.66,-99.83,99.46,-99.66,-0.68,1.57
24.2667,728,8.37,-99.33,99.28,-97.40,-0.65,7.72,8.66,-99.83,99.46,-99.66,-0.68,1.57
24.3000,729,8.37,-99.33,99.28,-97.40,-0.65,7.72,8.66,-99.83,99.46,-99.66,-0.68,1.57
24.3333,730,8.37,-99.33,99.28,-97.40,-0.65,7.72,8.66,-99.83,99.46,-99.66,-0.68,1.57
24.3667,731,8.37,-99.33,99.28,-97.40,-0.65,7.72,8.66,-99.83,99.46,-99.66,-0.68,1.57
24.4000,732,8.37,-99.33,99.28,-97.40,-0.65,7.72,8.66,-99.83,99.46,-99.66,-0.68,1.57
24.4333,733,8.37,-99.33,99.28,-97.40,-0.65,7.72,8.66,-99.83,99.46,-99.66,-0.68,1.57
24.4667,734,8.37,-99.33,99.28,-97.40,-0.65,7.72,8.66,-99.83,99.46,-99.66,-0.68,1.57
24.5000,735,8.37,-99.33,99.28,-97.40,-0.65,7.72,8.66,-99.83,99.46,-99.66,-0.68,1.57
24.5333,736,8.37,-99.33,99.28,-97.40,-0.65,7.72,8.66,-99.83,99.46,-99.66,-0.68,1.57
24.5667,737,8.37,-99.33,99.28,-97.40,-0.65,7.72,8.66,-99.83,99.46,-99.66,-0.68,1.57
24.6000,738,8.37,-99.33,99.28,-97.40,-0.65,7.72,8.66,-99.83,99.46,-99.66,-0.68,1.57
24.6333,739,8.37,-99.33,99.28,-97.40,-0.65,7.72,8.66,-99.83,99.46,-99.66,-0.68,1.57
24.6667,740,8.37,-99.33,99.28,-97.40,-0.65,7.72,8.66,-99.83,99.46,-99.66,-0.68,1.57
24.7000,741,8.37,-99.33,99.28,-97.40,-0.65,7.72,8.66,-99.83,99.46,-99.66,-0.68,1.57
24.7333,742,8.37,-99.33,99.28,-97.40,-0.65,7.72,8.66,-99.83,99.46,-99.66,-0.68,1.57
24.7667,743,8.37,-99.33,99.28,-97.40,-0.65,7.72,8.66,-99.83,99.46,-99.66,-0.68,1.57
24.8000,744,8.37,-99.33,99.28,-97.40,-0.65,7.72,8.66,-99.83,99.46,-99.66,-0.68,1.57
24.8333,745,8.37,-99.33,99.28,-97.40,-0.65,7.72,8.66,-99.83,99.46,-99.66,-0.68,1.57
24.8667,746,8.37,-99.33,99.28,-97.40,-0.65,7.72,8.66,-99.83,99.46,-99.66,-0.68,1.57
24.9000,747,8.37,-99.33,99.28,-97.40,-0.65,7.72,8.66,-99.83,99.46,-99.66,-0.68,1.57
24.9333,748,8.37,-99.33,99.28,-97.40,-0.65,7.72,8.66,-99.83,99.46,-99.66,-0.68,1.57
24.9667,749,8.37,-99.33,99.28,-97.40,-0.65,7.72,8.66,-99.83,99.46,-99.66,-0.68,1.57
25.0000,750,8.37,-99.33,99.28,-97.40,-0.65,7.72,8.66,-99.83,99.46,-99.66,-0.68,1.57
25.0333,751,8.37,-99.33,99.28,-97.40,-0.65,7.72,8.66,-99.83,99.46,-99.66,-0.68,1.57
25.0667,752,8.37,-99.33,99.28,-97.40,-0.65,7.72,8.66,-99.83,99.46,-99.66,-0.68,1.57
25.1000,753,8.37,-99.33,99.28,-97.40,-0.65,7.72,8.66,-99.83,99.46,-99.66,-0.68,1.57
25.1333,754,8.37,-99.33,99.28,-97.40,-0.65,7.72,8.66,-99.83,99.46,-99.66,-0.68,1.57
25.1667,755,8.37,-99.33,99.28,-97.40,-0.65,7.72,8.66,-99.83,99.46,-99.66,-0.68,1.57
25.2000,756,8.37,-99.33,99.28,-97.40,-0.65,7.72,8.66,-99.83,99.46,-99.66,-0.68,1.57
25.2333,757,8.37,-99.33,99.28,-97.40,-0.65,7.72,8.66,-99.83,99.46,-99.66,-0.68,1.57
25.2667,758,8.37,-99.33,99.28,-97.40,-0.65,7.72,8.66,-99.83,99.46,-99.66,-0.68,1.57
25.3000,759,8.37,-99.33,99.28,-97.40,-0.65,7.72,8.66,-99.83,99.46,-99.66,-0.68,1.57
25.3333,760,8.37,-99.33,99.28,-97.40,-0.65,7.72,8.66,-99.83,99.46,-99.66,-0.68,1.57
25.3667,761,8.37,-99.33,99.28,-97.40,-0.65,7.72,8.66,-99.83,99.46,-99.66,-0.68,1.57
25.4000,762,8.37,-99.33,99.28,-97.40,-0.65,7.72,8.66,-99.83,99.46,-99.66,-0.68,1.57
25.4333,763,8.37,-99.33,99.28,-97.40,-0.65,7.72,8.66,-99.83,99.46,-99.66,-0.68,1.57
25.4667,764,8.37,-99.33,99.28,-97.40,-0.65,7.72,8.66,-99.83,99.46,-99.66,-0.68,1.57
25.5000,765,8.37,-99.33,99.28,-97.40,-0.65,7.72,8.66,-99.83,99.46,-99.66,-0.68,1.57
25.5333,766,8.37,-99.33,99.28,-97.40,-0.65,7.72,8.66,-99.83,99.46,-99.66,-0.68,1.57
25.5667,767,8.37,-99.33,99.28,-97.40,-0.65,7.72,8.66,-99.83,99.46,-99.66,-0.68,1.57
25.6000,768,8.37,-99.33,99.28,-97.40,-0.65,7.72,8.66,-99.83,99.46,-99.66,-0.68,1.57
25.6333,769,8.37,-99.33,99.28,-97.40,-0.65,7.72,8.66,-99.83,99.46,-99.66,-0.68,1.57
25.6667,770,8.37,-99.33,99.28,-97.40,-0.65,7.72,8.66,-99.83,99.46,-99.66,-0.68,1.57
25.7000,771,8.37,-99.33,99.28,-97.40,-0.65,7.72,8.66,-99.83,99.46,-99.66,-0.68,1.57
25.7333,772,8.37,-99.33,99.28,-97.40,-0.65,7.72,8.66,-99.83,99.46,-99.66,-0.68,1.57
25.7667,773,8.37,-99.33,99.28,-97.40,-0.65,7.72,8.66,-99.83,99.46,-99.66,-0.68,1.57
25.8000,774,8.37,-99.33,99.28,-97.40,-0.65,7.72,8.66,-99.83,99.46,-99.66,-0.68,1.57
25.8333,775,8.37,-99.33,99.28,-97.40,-0.65,7.72,8.66,-99.83,99.46,-99.66,-0.68,1.57
25.8667,776,8.37,-99.33,99.28,-97.40,-0.65,7.72,8.66,-99.83,99.46,-99.66,-0.68,1.57
25.9000,777,8.37,-99.33,99.28,-97.40,-0.65,7.72,8.66,-99.83,99.46,-99.66,-0.68,1.57
25.9333,778,8.37,-99.33,99.28,-97.40,-0.65,7.72,8.66,-99.83,99.46,-99.66,-0.68,1.57
25.9667,779,8.37,-99.33,99.28,-97.40,-0.65,7.72,8.66,-99.83,99.46,-99.66,-0.68,1.57
26.0000,780,8.37,-99.33,99.28,-97.40,-0.65,7.72,8.66,-99.83,99.46,-99.66,-0.68,1.57
26.0333,781,8.37,-99.33,99.28,-97.40,-0.65,7.72,8.66,-99.83,99.46,-99.66,-0.68,1.57
26.0667,782,8.37,-99.33,99.28,-97.40,-0.65,7.72,8.66,-99.83,99.46,-99.66,-0.68,1.57
26.1000,783,8.37,-99.33,99.28,-97.40,-0.65,7.72,8.66,-99.83,99.46,-99.66,-0.68,1.57
26.1333,784,8.37,-99.33,99.28,-97.40,-0.65,7.72,8.66,-99.83,99.46,-99.66,-0.68,1.57
26.1667,785,8.37,-99.33,99.28,-97.40,-0.65,7.72,8.66,-99.83,99.46,-99.66,-0.68,1.57
26.2000,786,8.37,-99.33,99.28,-97.40,-0.65,7.72,8.66,-99.83,99.46,-99.66,-0.68,1.57
26.2333,787,8.37,-99.33,99.28,-97.40,-0.65,7.72,8.66,-99.83,99.46,-99.66,-0.68,1.57
26.2667,788,8.37,-99.33,99.28,-97.40,-0.65,7.72,8.66,-99.83,99.46,-99.66,-0.68,1.57
26.3000,789,8.37,-99.33,99.28,-97.40,-0.65,7.72,8.66,-99.83,99.46,-99.66,-0.68,1.57
26.3333,790,8.37,-99.33,99.28,-97.40,-0.65,7.72,8.66,-99.83,99.46,-99.66,-0.68,1.57
26.3667,791,8.37,-99.33,99.28,-97.40,-0.65,7.72,8.66,-99.83,99.46,-99.66,-0.68,1.57
26.4000,792,8.37,-99.33,99.28,-97.40,-0.65,7.72,8.66,-99.83,99.46,-99.66,-0.68,1.57
26.4333,793,8.37,-99.33,99.28,-97.40,-0.65,7.72,8.66,-99.83,99.46,-99.66,-0.68,1.57
26.4667,794,8.37,-99.33,99.28,-97.40,-0.65,7.72,8.66,-99.83,99.46,-99.66,-0.68,1.57
26.5000,795,8.37,-99.33,99.28,-97.40,-0.65,7.72,8.66,-99.83,99.46,-99.66,-0.68,1.57
26.5333,796,8.37,-99.33,99.28,-97.40,-0.65,7.72,8.66,-99.83,99.46,-99.66,-0.68,1.57
26.5667,797,8.37,-99.33,99.28,-97.40,-0.65,7.72,8.66,-99.83,99.46,-99.66,-0.68,1.57
26.6000,798,8.37,-99.33,99.28,-97.40,-0.65,7.72,8.66,-99.83,99.46,-99.66,-0.68,1.57
26.6333,799,8.37,-99.33,99.28,-97.40,-0.65,7.72,8.66,-99.83,99.46,-99.66,-0.68,1.57
26.6667,800,8.37,-99.33,99.28,-97.40,-0.65,7.72,8.66,-99.83,99.46,-99.66,-0.68,1.57
26.7000,801,8.37,-99.33,99.28,-97.40,-0.65,7.72,8.66,-99.83,99.46,-99.66,-0.68,1.57
26.7333,802,8.37,-99.33,99.28,-97.40,-0.65,7.72,8.66,-99.83,99.46,-99.66,-0.68,1.57
26.7667,803,8.37,-99.33,99.28,-97.40,-0.65,7.72,8.66,-99.83,99.46,-99.66,-0.68,1.57
26.8000,804,8.37,-99.33,99.28,-97.40,-0.65,7.72,8.66,-99.83,99.46,-99.66,-0.68,1.57
26.8333,805,8.37,-99.33,99.28,-97.40,-0.65,7.72,8.66,-99.83,99.46,-99.66,-0.68,1.57
26.8667,806,8.37,-99.33,99.28,-97.40,-0.65,7.72,8.66,-99.83,99.46,-99.66,-0.68,1.57
26.9000,807,8.37,-99.33,99.28,-97.40,-0.65,7.72,8.66,-99.83,99.46,-99.66,-0.68,1.57
26.9333,808,8.37,-99.33,99.28,-97.40,-0.65,7.72,8.66,-99.83,99.46,-99.66,-0.68,1.57
26.9667,809,8.37,-99.33,99.28,-97.40,-0.65,7.72,8.66,-99.83,99.46,-99.66,-0.68,1.57
27.0000,810,8.37,-99.33,99.28,-97.40,-0.65,7.72,8.66,-99.83,99.46,-99.66,-0.68,1.57
27.0333,811,8.37,-99.33,99.28,-97.40,-0.65,7.72,8.66,-99.83,99.46,-99.66,-0.68,1.57
27.0667,812,8.37,-99.33,99.28,-97.40,-0.65,7.72,8.66,-99.83,99.46,-99.66,-0.68,1.57
27.1000,813,8.37,-99.33,99.28,-97.40,-0.65,7.72,8.66,-99.83,99.46,-99.66,-0.68,1.57
27.1333,814,8.37,-99.33,99.28,-97.40,-0.65,7.72,8.66,-99.83,99.46,-99.66,-0.68,1.57
27.1667,815,8.37,-99.33,99.28,-97.40,-0.65,7.72,8.66,-99.83,99.46,-99.66,-0.68,1.57
27.2000,816,8.37,-99.33,99.28,-97.40,-0.65,7.72,8.66,-99.83,99.46,-99.66,-0.68,1.57
27.2333,817,8.37,-99.33,99.28,-97.40,-0.65,7.72,8.66,-99.83,99.46,-99.66,-0.68,1.57
27.2667,818,8.37,-99.33,99.28,-97.40,-0.65,7.72,8.66,-99.83,99.46,-99.66,-0.68,1.57
27.3000,819,8.37,-99.33,99.28,-97.40,-0.65,7.72,8.66,-99.83,99.46,-99.66,-0.68,1.57
27.3333,820,8.37,-99.33,99.28,-97.40,-0.65,7.72,8.66,-99.83,99.46,-99.66,-0.68,1.57
27.3667,821,8.37,-99.33,99.28,-97.40,-0.65,7.72,8.66,-99.83,99.46,-99.66,-0.68,1.57
27.4000,822,8.37,-99.33,99.28,-97.40,-0.65,7.72,8.66,-99.83,99.46,-99.66,-0.68,1.57
27.4333,823,8.37,-99.33,99.28,-97.40,-0.65,7.72,8.66,-99.83,99.46,-99.66,-0.68,1.57
27.4667,824,8.37,-99.33,99.28,-97.40,-0.65,7.72,8.66,-99.83,99.46,-99.66,-0.68,1.57
27.5000,825,8.37,-99.33,99.28,-97.40,-0.65,7.72,8.66,-99.83,99.46,-99.66,-0.68,1.57
27.5333,826,8.37,-99.33,99.28,-97.40,-0.65,7.72,8.66,-99.83,99.46,-99.66,-0.68,1.57
27.5667,827,8.37,-99.33,99.28,-97.40,-0.65,7.72,8.66,-99.83,99.46,-99.66,-0.68,1.57
27.6000,828,8.37,-99.33,99.28,-97.40,-0.65,7.72,8.66,-99.83,99.46,-99.66,-0.68,1.57
27.6333,829,8.37,-99.33,99.28,-97.40,-0.65,7.72,8.66,-99.83,99.46,-99.66,-0.68,1.57
27.6667,830,8.37,-99.33,99.28,-97.40,-0.65,7.72,8.66,-99.83,99.46,-99.66,-0.68,1.57
27.7000,831,8.37,-99.33,99.28,-97.40,-0.65,7.72,8.66,-99.83,99.46,-99.66,-0.68,1.57
27.7333,832,8.37,-99.33,99.28,-97.40,-0.65,7.72,8.66,-99.83,99.46,-99.66,-0.68,1.57
27.7667,833,8.37,-99.33,99.28,-97.40,-0.65,7.72,8.66,-99.83,99.46,-99.66,-0.68,1.57
27.8000,834,8.37,-99.33,99.28,-97.40,-0.65,7.72,8.66,-99.83,99.46,-99.66,-0.68,1.57
27.8333,835,8.37,-99.33,99.28,-97.40,-0.65,7.72,8.66,-99.83,99.46,-99.66,-0.68,1.57
27.8667,836,8.37,-99.33,99.28,-97.40,-0.65,7.72,8.66,-99.83,99.46,-99.66,-0.68,1.57
27.9000,837,8.37,-99.33,99.28,-97.40,-0.65,7.72,8.66,-99.83,99.46,-99.66,-0.68,1.57
27.9333,838,8.37,-99.33,99.28,-97.40,-0.65,7.72,8.66,-99.83,99.46,-99.66,-0.68,1.57
27.9667,839,8.37,-99.33,99.28,-97.40,-0.65,7.72,8.66,-99.83,99.46,-99.66,-0.68,1.57
28.0000,840,8.37,-99.33,99.28,-97.40,-0.65,7.72,8.66,-99.83,99.46,-99.66,-0.68,1.57
28.0333,841,8.37,-99.33,99.28,-97.40,-0.65,7.72,8.66,-99.83,99.46,-99.66,-0.68,1.57
28.0667,842,8.37,-99.33,99.28,-97.40,-0.65,7.72,8.66,-99.83,99.46,-99.66,-0.68,1.57
28.1000,843,8.37,-99.33,99.28,-97.40,-0.65,7.72,8.66,-99.83,99.46,-99.66,-0.68,1.57
28.1333,844,8.37,-99.33,99.28,-97.40,-0.65,7.72,8.66,-99.83,99.46,-99.66,-0.68,1.57
28.1667,845,8.37,-99.33,99.28,-97.40,-0.65,7.72,8.66,-99.83,99.46,-99.66,-0.68,1.57
28.2000,846,8.37,-99.33,99.28,-97.40,-0.65,7.72,8.66,-99.83,99.46,-99.66,-0.68,1.57
28.2333,847,8.37,-99.33,99.28,-97.40,-0.65,7.72,8.66,-99.83,99.46,-99.66,-0.68,1.57
28.2667,848,8.37,-99.33,99.28,-97.40,-0.65,7.72,8.66,-99.83,99.46,-99.66,-0.68,1.57
28.3000,849,8.37,-99.33,99.28,-97.40,-0.65,7.72,8.66,-99.83,99.46,-99.66,-0.68,1.57
28.3333,850,8.37,-99.33,99.28,-97.40,-0.65,7.72,8.66,-99.83,99.46,-99.66,-0.68,1.57
28.3667,851,8.37,-99.33,99.28,-97.40,-0.65,7.72,8.66,-99.83,99.46,-99.66,-0.68,1.57
28.4000,852,8.37,-99.33,99.28,-97.40,-0.65,7.72,8.66,-99.83,99.46,-99.66,-0.68,1.57
28.4333,853,8.37,-99.33,99.28,-97.40,-0.65,7.72,8.66,-99.83,99.46,-99.66,-0.68,1.57
28.4667,854,8.37,-99.33,99.28,-97.40,-0.65,7.72,8.66,-99.83,99.46,-99.66,-0.68,1.57
28.5000,855,8.37,-99.33,99.28,-97.40,-0.65,7.72,8.66,-99.83,99.46,-99.66,-0.68,1.57
28.5333,856,8.37,-99.33,99.28,-97.40,-0.65,7.72,8.66,-99.83,99.46,-99.66,-0.68,1.57
28.5667,857,8.37,-99.33,99.28,-97.40,-0.65,7.72,8.66,-99.83,99.46,-99.66,-0.68,1.57
28.6000,858,8.37,-99.33,99.28,-97.40,-0.65,7.72,8.66,-99.83,99.46,-99.66,-0.68,1.57
28.6333,859,8.37,-99.33,99.28,-97.40,-0.65,7.72,8.66,-99.83,99.46,-99.66,-0.68,1.57
28.6667,860,8.37,-99.33,99.28,-97.40,-0.65,7.72,8.66,-99.83,99.46,-99.66,-0.68,1.57
28.7000,861,8.37,-99.33,99.28,-97.40,-0.65,7.72,8.66,-99.83,99.46,-99.66,-0.68,1.57
28.7333,862,8.37,-99.33,99.28,-97.40,-0.65,7.72,8.66,-99.83,99.46,-99.66,-0.68,1.57
28.7667,863,8.37,-99.33,99.28,-97.40,-0.65,7.72,8.66,-99.83,99.46,-99.66,-0.68,1.57
28.8000,864,8.37,-99.33,99.28,-97.40,-0.65,7.72,8.66,-99.83,99.46,-99.66,-0.68,1.57
28.8333,865,8.37,-99.33,99.28,-97.40,-0.65,7.72,8.66,-99.83,99.46,-99.66,-0.68,1.57
28.8667,866,8.37,-99.33,99.28,-97.40,-0.65,7.72,8.66,-99.83,99.46,-99.66,-0.68,1.57
28.9000,867,8.37,-99.33,99.28,-97.40,-0.65,7.72,8.66,-99.83,99.46,-99.66,-0.68,1.57
28.9333,868,8.37,-99.33,99.28,-97.40,-0.65,7.72,8.66,-99.83,99.46,-99.66,-0.68,1.57
28.9667,869,8.37,-99.33,99.28,-97.40,-0.65,7.72,8.66,-99.83,99.46,-99.66,-0.68,1.57
29.0000,870,8.37,-99.33,99.28,-97.40,-0.65,7.72,8.66,-99.83,99.46,-99.66,-0.68,1.57
29.0333,871,8.37,-99.33,99.28,-97.40,-0.65,7.72,8.66,-99.83,99.46,-99.66,-0.68,1.57
29.0667,872,8.37,-99.33,99.28,-97.40,-0.65,7.72,8.66,-99.83,99.46,-99.66,-0.68,1.57
29.1000,873,8.37,-99.33,99.28,-97.40,-0.65,7.72,8.66,-99.83,99.46,-99.66,-0.68,1.57
29.1333,874,8.37,-99.33,99.28,-97.40,-0.65,7.72,8.66,-99.83,99.46,-99.66,-0.68,1.57
29.1667,875,8.37,-99.33,99.28,-97.40,-0.65,7.72,8.66,-99.83,99.46,-99.66,-0.68,1.57
29.2000,876,8.37,-99.33,99.28,-97.40,-0.65,7.72,8.66,-99.83,99.46,-99.66,-0.68,1.57
29.2333,877,8.37,-99.33,99.28,-97.40,-0.65,7.72,8.66,-99.83,99.46,-99.66,-0.68,1.57
29.2667,878,8.37,-99.33,99.28,-97.40,-0.65,7.72,8.66,-99.83,99.46,-99.66,-0.68,1.57
29.3000,879,8.37,-99.33,99.28,-97.40,-0.65,7.72,8.66,-99.83,99.46,-99.66,-0.68,1.57
29.3333,880,8.37,-99.33,99.28,-97.40,-0.65,7.72,8.66,-99.83,99.46,-99.66,-0.68,1.57
29.3667,881,8.37,-99.33,99.28,-97.40,-0.65,7.72,8.66,-99.83,99.46,-99.66,-0.68,1.57
29.4000,882,8.37,-99.33,99.28,-97.40,-0.65,7.72,8.66,-99.83,99.46,-99.66,-0.68,1.57
29.4333,883,8.37,-99.33,99.28,-97.40,-0.65,7.72,8.66,-99.83,99.46,-99.66,-0.68,1.57
29.4667,884,8.37,-99.33,99.28,-97.40,-0.65,7.72,8.66,-99.83,99.46,-99.66,-0.68,1.57
29.5000,885,8.37,-99.33,99.28,-97.40,-0.65,7.72,8.66,-99.83,99.46,-99.66,-0.68,1.57
29.5333,886,8.37,-99.33,99.28,-97.40,-0.65,7.72,8.66,-99.83,99.46,-99.66,-0.68,1.57
29.5667,887,8.37,-99.33,99.28,-97.40,-0.65,7.72,8.66,-99.83,99.46,-99.66,-0.68,1.57
29.6000,888,8.37,-99.33,99.28,-97.40,-0.65,7.72,8.66,-99.83,99.46,-99.66,-0.68,1.57
29.6333,889,8.37,-99.33,99.28,-97.40,-0.65,7.72,8.66,-99.83,99.46,-99.66,-0.68,1.57
29.6667,890,8.37,-99.33,99.28,-97.40,-0.65,7.72,8.66,-99.83,99.46,-99.66,-0.68,1.57
29.7000,891,8.37,-99.33,99.28,-97.40,-0.65,7.72,8.66,-99.83,99.46,-99.66,-0.68,1.57
29.7333,892,8.37,-99.33,99.28,-97.40,-0.65,7.72,8.66,-99.83,99.46,-99.66,-0.68,1.57
29.7667,893,8.37,-99.33,99.28,-97.40,-0.65,7.72,8.66,-99.83,99.46,-99.66,-0.68,1.57
29.8000,894,8.37,-99.33,99.28,-97.40,-0.65,7.72,8.66,-99.83,99.46,-99.66,-0.68,1.57
29.8333,895,8.37,-99.33,99.28,-97.40,-0.65,7.72,8.66,-99.83,99.46,-99.66,-0.68,1.57
29.8667,896,8.37,-99.33,99.28,-97.40,-0.65,7.72,8.66,-99.83,99.46,-99.66,-0.68,1.57
29.9000,897,8.37,-99.33,99.28,-97.40,-0.65,7.72,8.66,-99.83,99.46,-99.66,-0.68,1.57
29.9333,898,8.37,-99.33,99.28,-97.40,-0.65,7.72,8.66,-99.83,99.46,-99.66,-0.68,1.57
29.9667,899,8.37,-99.33,99.28,-97.40,-0.65,7.72,8.66,-99.83,99.46,-99.66,-0.68,1.57
30.0000,900,8.37,-99.33,99.28,-97.40,-0.65,7.72,8.66,-99.83,99.46,-99.66,-0.68,1.57
30.0333,901,8.37,-99.33,99.28,-97.40,-0.65,7.72,8.66,-99.83,99.46,-99.66,-0.68,1.57
30.0667,902,8.37,-99.33,99.28,-97.40,-0.65,7.72,8.66,-99.83,99.46,-99.66,-0.68,1.57
30.1000,903,8.37,-99.33,99.28,-97.40,-0.65,7.72,8.66,-99.83,99.46,-99.66,-0.68,1.57
30.1333,904,8.37,-99.33,99.28,-97.40,-0.65,7.72,8.66,-99.83,99.46,-99.66,-0.68,1.57
30.1667,905,8.37,-99.33,99.28,-97.40,-0.65,7.72,8.66,-99.83,99.46,-99.66,-0.68,1.57
30.2000,906,8.37,-99.33,99.28,-97.40,-0.65,7.72,8.66,-99.83,99.46,-99.66,-0.68,1.57
30.2333,907,8.37,-99.33,99.28,-97.40,-0.65,7.72,8.66,-99.83,99.46,-99.66,-0.68,1.57
30.2667,908,8.37,-99.33,99.28,-97.40,-0.65,7.72,8.66,-99.83,99.46,-99.66,-0.68,1.57
30.3000,909,8.37,-99.33,99.28,-97.40,-0.65,7.72,8.66,-99.83,99.46,-99.66,-0.68,1.57
30.3333,910,8.37,-99.33,99.28,-97.40,-0.65,7.72,8.66,-99.83,99.46,-99.66,-0.68,1.57
30.3667,911,8.37,-99.33,99.28,-97.40,-0.65,7.72,8.66,-99.83,99.46,-99.66,-0.68,1.57
30.4000,912,8.37,-99.33,99.28,-97.40,-0.65,7.72,8.66,-99.83,99.46,-99.66,-0.68,1.57
30.4333,913,8.37,-99.33,99.28,-97.40,-0.65,7.72,8.66,-99.83,99.46,-99.66,-0.68,1.57
30.4667,914,8.37,-99.33,99.28,-97.40,-0.65,7.72,8.66,-99.83,99.46,-99.66,-0.68,1.57
30.5000,915,8.37,-99.33,99.28,-97.40,-0.65,7.72,8.66,-99.83,99.46,-99.66,-0.68,1.57
30.5333,916,8.37,-99.33,99.28,-97.40,-0.65,7.72,8.66,-99.83,99.46,-99.66,-0.68,1.57
30.5667,917,8.37,-99.33,99.28,-97.40,-0.65,7.72,8.66,-99.83,99.46,-99.66,-0.68,1.57
30.6000,918,8.37,-99.33,99.28,-97.40,-0.65,7.72,8.66,-99.83,99.46,-99.66,-0.68,1.57
30.6333,919,8.37,-99.33,99.28,-97.40,-0.65,7.72,8.66,-99.83,99.46,-99.66,-0.68,1.57
30.6667,920,8.37,-99.33,99.28,-97.40,-0.65,7.72,8.66,-99.83,99.46,-99.66,-0.68,1.57
30.7000,921,8.37,-99.33,99.28,-97.40,-0.65,7.72,8.66,-99.83,99.46,-99.66,-0.68,1.57
30.7333,922,8.37,-99.33,99.28,-97.40,-0.65,7.72,8.66,-99.83,99.46,-99.66,-0.68,1.57
30.7667,923,8.37,-99.33,99.28,-97.40,-0.65,7.72,8.66,-99.83,99.46,-99.66,-0.68,1.57
30.8000,924,8.37,-99.33,99.28,-97.40,-0.65,7.72,8.66,-99.83,99.46,-99.66,-0.68,1.57
30.8333,925,8.37,-99.33,99.28,-97.40,-0.65,7.72,8.66,-99.83,99.46,-99.66,-0.68,1.57
30.8667,926,8.37,-99.33,99.28,-97.40,-0.65,7.72,8.66,-99.83,99.46,-99.66,-0.68,1.57
30.9000,927,8.37,-99.33,99.28,-97.40,-0.65,7.72,8.66,-99.83,99.46,-99.66,-0.68,1.57
30.9333,928,8.37,-99.33,99.28,-97.40,-0.65,7.72,8.66,-99.83,99.46,-99.66,-0.68,1.57
30.9667,929,8.37,-99.33,99.28,-97.40,-0.65,7.72,8.66,-99.83,99.46,-99.66,-0.68,1.57
31.0000,930,8.37,-99.33,99.28,-97.40,-0.65,7.72,8.66,-99.83,99.46,-99.66,-0.68,1.57
31.0333,931,8.37,-99.33,99.28,-97.40,-0.65,7.72,8.66,-99.83,99.46,-99.66,-0.68,1.57
31.0667,932,8.37,-99.33,99.28,-97.40,-0.65,7.72,8.66,-99.83,99.46,-99.66,-0.68,1.57
31.1000,933,8.37,-99.33,99.28,-97.40,-0.65,7.72,8.66,-99.83,99.46,-99.66,-0.68,1.57
31.1333,934,8.37,-99.33,99.28,-97.40,-0.65,7.72,8.66,-99.83,99.46,-99.66,-0.68,1.57
31.1667,935,8.37,-99.33,99.28,-97.40,-0.65,7.72,8.66,-99.83,99.46,-99.66,-0.68,1.57
31.2000,936,8.37,-99.33,99.28,-97.40,-0.65,7.72,8.66,-99.83,99.46,-99.66,-0.68,1.57
31.2333,937,8.37,-99.33,99.28,-97.40,-0.65,7.72,8.66,-99.83,99.46,-99.66,-0.68,1.57
31.2667,938,8.37,-99.33,99.28,-97.40,-0.65,7.72,8.66,-99.83,99.46,-99.66,-0.68,1.57
31.3000,939,8.37,-99.33,99.28,-97.40,-0.65,7.72,8.66,-99.83,99.46,-99.66,-0.68,1.57
31.3333,940,8.37,-99.33,99.28,-97.40,-0.65,7.72,8.66,-99.83,99.46,-99.66,-0.68,1.57
31.3667,941,8.37,-99.33,99.28,-97.40,-0.65,7.72,8.66,-99.83,99.46,-99.66,-0.68,1.57
31.4000,942,8.37,-99.33,99.28,-97.40,-0.65,7.72,8.66,-99.83,99.46,-99.66,-0.68,1.57
31.4333,943,8.37,-99.33,99.28,-97.40,-0.65,7.72,8.66,-99.83,99.46,-99.66,-0.68,1.57
31.4667,944,8.37,-99.33,99.28,-97.40,-0.65,7.72,8.66,-99.83,99.46,-99.66,-0.68,1.57
31.5000,945,8.37,-99.33,99.28,-97.40,-0.65,7.72,8.66,-99.83,99.46,-99.66,-0.68,1.57
31.5333,946,8.37,-99.33,99.28,-97.40,-0.65,7.72,8.66,-99.83,99.46,-99.66,-0.68,1.57
31.5667,947,8.37,-99.33,99.28,-97.40,-0.65,7.72,8.66,-99.83,99.46,-99.66,-0.68,1.57
31.6000,948,8.37,-99.33,99.28,-97.40,-0.65,7.72,8.66,-99.83,99.46,-99.66,-0.68,1.57
31.6333,949,8.37,-99.33,99.28,-97.40,-0.65,7.72,8.66,-99.83,99.46,-99.66,-0.68,1.57
31.6667,950,8.37,-99.33,99.28,-97.40,-0.65,7.72,8.66,-99.83,99.46,-99.66,-0.68,1.57
31.7000,951,8.37,-99.33,99.28,-97.40,-0.65,7.72,8.66,-99.83,99.46,-99.66,-0.68,1.57
31.7333,952,8.37,-99.33,99.28,-97.40,-0.65,7.72,8.66,-99.83,99.46,-99.66,-0.68,1.57
31.7667,953,8.37,-99.33,99.28,-97.40,-0.65,7.72,8.66,-99.83,99.46,-99.66,-0.68,1.57
31.8000,954,8.37,-99.33,99.28,-97.40,-0.65,7.72,8.66,-99.83,99.46,-99.66,-0.68,1.57
31.8333,955,8.37,-99.33,99.28,-97.40,-0.65,7.72,8.66,-99.83,99.46,-99.66,-0.68,1.57
31.8667,956,8.37,-99.33,99.28,-97.40,-0.65,7.72,8.66,-99.83,99.46,-99.66,-0.68,1.57
31.9000,957,8.37,-99.33,99.28,-97.40,-0.65,7.72,8.66,-99.83,99.46,-99.66,-0.68,1.57
31.9333,958,8.37,-99.33,99.28,-97.40,-0.65,7.72,8.66,-99.83,99.46,-99.66,-0.68,1.57
31.9667,959,8.37,-99.33,99.28,-97.40,-0.65,7.72,8.66,-99.83,99.46,-99.66,-0.68,1.57
32.0000,960,8.37,-99.33,99.28,-97.40,-0.65,7.72,8.66,-99.83,99.46,-99.66,-0.68,1.57
32.0333,961,8.37,-99.33,99.28,-97.40,-0.65,7.72,8.66,-99.83,99.46,-99.66,-0.68,1.57
32.0667,962,8.37,-99.33,99.28,-97.40,-0.65,7.72,8.66,-99.83,99.46,-99.66,-0.68,1.57
32.1000,963,8.37,-99.33,99.28,-97.40,-0.65,7.72,8.66,-99.83,99.46,-99.66,-0.68,1.57
32.1333,964,8.37,-99.33,99.28,-97.40,-0.65,7.72,8.66,-99.83,99.46,-99.66,-0.68,1.57
32.1667,965,8.37,-99.33,99.28,-97.40,-0.65,7.72,8.66,-99.83,99.46,-99.66,-0.68,1.57
32.2000,966,8.37,-99.33,99.28,-97.40,-0.65,7.72,8.66,-99.83,99.46,-99.66,-0.68,1.57
32.2333,967,8.37,-99.33,99.28,-97.40,-0.65,7.72,8.66,-99.83,99.46,-99.66,-0.68,1.57
32.2667,968,8.37,-99.33,99.28,-97.40,-0.65,7.72,8.66,-99.83,99.46,-99.66,-0.68,1.57
32.3000,969,8.37,-99.33,99.28,-97.40,-0.65,7.72,8.66,-99.83,99.46,-99.66,-0.68,1.57
32.3333,970,8.37,-99.33,99.28,-97.40,-0.65,7.72,8.66,-99.83,99.46,-99.66,-0.68,1.57
32.3667,971,8.37,-99.33,99.28,-97.40,-0.65,7.72,8.66,-99.83,99.46,-99.66,-0.68,1.57
32.4000,972,8.37,-99.33,99.28,-97.40,-0.65,7.72,8.66,-99.83,99.46,-99.66,-0.68,1.57
32.4333,973,8.37,-99.33,99.28,-97.40,-0.65,7.72,8.66,-99.83,99.46,-99.66,-0.68,1.57
32.4667,974,8.37,-99.33,99.28,-97.40,-0.65,7.72,8.66,-99.83,99.46,-99.66,-0.68,1.57
32.5000,975,8.37,-99.33,99.28,-97.40,-0.65,7.72,8.66,-99.83,99.46,-99.66,-0.68,1.57
32.5333,976,8.37,-99.33,99.28,-97.40,-0.65,7.72,8.66,-99.83,99.46,-99.66,-0.68,1.57
32.5667,977,8.37,-99.33,99.28,-97.40,-0.65,7.72,8.66,-99.83,99.46,-99.66,-0.68,1.57
32.6000,978,8.37,-99.33,99.28,-97.40,-0.65,7.72,8.66,-99.83,99.46,-99.66,-0.68,1.57
32.6333,979,8.37,-99.33,99.28,-97.40,-0.65,7.72,8.66,-99.83,99.46,-99.66,-0.68,1.57
32.6667,980,8.37,-99.33,99.28,-97.40,-0.65,7.72,8.66,-99.83,99.46,-99.66,-0.68,1.57
32.7000,981,8.37,-99.33,99.28,-97.40,-0.65,7.72,8.66,-99.83,99.46,-99.66,-0.68,1.57
32.7333,982,8.37,-99.33,99.28,-97.40,-0.65,7.72,8.66,-99.83,99.46,-99.66,-0.68,1.57
32.7667,983,8.37,-99.33,99.28,-97.40,-0.65,7.72,8.66,-99.83,99.46,-99.66,-0.68,1.57
32.8000,984,8.37,-99.33,99.28,-97.40,-0.65,7.72,8.66,-99.83,99.46,-99.66,-0.68,1.57
32.8333,985,8.37,-99.33,99.28,-97.40,-0.65,7.72,8.66,-99.83,99.46,-99.66,-0.68,1.57
32.8667,986,8.37,-99.33,99.28,-97.40,-0.65,7.72,8.66,-99.83,99.46,-99.66,-0.68,1.57
32.9000,987,8.37,-99.33,99.28,-97.40,-0.65,7.72,8.66,-99.83,99.46,-99.66,-0.68,1.57
32.9333,988,8.37,-99.33,99.28,-97.40,-0.65,7.72,8.66,-99.83,99.46,-99.66,-0.68,1.57
32.9667,989,8.37,-99.33,99.28,-97.40,-0.65,7.72,8.66,-99.83,99.46,-99.66,-0.68,1.57
33.0000,990,8.37,-99.33,99.28,-97.40,-0.65,7.72,8.66,-99.83,99.46,-99.66,-0.68,1.57
33.0333,991,8.37,-99.33,99.28,-97.40,-0.65,7.72,8.66,-99.83,99.46,-99.66,-0.68,1.57
33.0667,992,8.37,-99.33,99.28,-97.40,-0.65,7.72,8.66,-99.83,99.46,-99.66,-0.68,1.57
33.1000,993,8.37,-99.33,99.28,-97.40,-0.65,7.72,8.66,-99.83,99.46,-99.66,-0.68,1.57
33.1333,994,8.37,-99.33,99.28,-97.40,-0.65,7.72,8.66,-99.83,99.46,-99.66,-0.68,1.57
33.1667,995,8.37,-99.33,99.28,-97.40,-0.65,7.72,8.66,-99.83,99.46,-99.66,-0.68,1.57
33.2000,996,8.37,-99.33,99.28,-97.40,-0.65,7.72,8.66,-99.83,99.46,-99.66,-0.68,1.57
33.2333,997,8.37,-99.33,99.28,-97.40,-0.65,7.72,8.66,-99.83,99.46,-99.66,-0.68,1.57
33.2667,998,8.37,-99.33,99.28,-97.40,-0.65,7.72,8.66,-99.83,99.46,-99.66,-0.68,1.57
33.3000,999,8.37,-99.33,99.28,-97.40,-0.65,7.72,8.66,-99.83,99.46,-99.66,-0.68,1.57
33.3333,1000,8.37,-99.33,99.28,-97.40,-0.65,7.72,8.66,-99.83,99.46,-99.66,-0.68,1.57
33.3667,1001,8.37,-99.33,99.28,-97.40,-0.65,7.72,8.66,-99.83,99.46,-99.66,-0.68,1.57
33.4000,1002,8.37,-99.33,99.28,-97.40,-0.65,7.72,8.66,-99.83,99.46,-99.66,-0.68,1.57
33.4333,1003,8.37,-99.33,99.28,-97.40,-0.65,7.72,8.66,-99.83,99.46,-99.66,-0.68,1.57
33.4667,1004,8.37,-99.33,99.28,-97.40,-0.65,7.72,8.66,-99.83,99.46,-99.66,-0.68,1.57
33.5000,1005,8.37,-99.33,99.28,-97.40,-0.65,7.72,8.66,-99.83,99.46,-99.66,-0.68,1.57
33.5333,1006,8.37,-99.33,99.28,-97.40,-0.65,7.72,8.66,-99.83,99.46,-99.66,-0.68,1.57
33.5667,1007,8.37,-99.33,99.28,-97.40,-0.65,7.72,8.66,-99.83,99.46,-99.66,-0.68,1.57
33.6000,1008,8.37,-99.33,99.28,-97.40,-0.65,7.72,8.66,-99.83,99.46,-99.66,-0.68,1.57
33.6333,1009,8.37,-99.33,99.28,-97.40,-0.65,7.72,8.66,-99.83,99.46,-99.66,-0.68,1.57
33.6667,1010,8.37,-99.33,99.28,-97.40,-0.65,7.72,8.66,-99.83,99.46,-99.66,-0.68,1.57
33.7000,1011,8.37,-99.33,99.28,-97.40,-0.65,7.72,8.66,-99.83,99.46,-99.66,-0.68,1.57
33.7333,1012,8.37,-99.33,99.28,-97.40,-0.65,7.72,8.66,-99.83,99.46,-99.66,-0.68,1.57
33.7667,1013,8.37,-99.33,99.28,-97.40,-0.65,7.72,8.66,-99.83,99.46,-99.66,-0.68,1.57
33.8000,1014,8.37,-99.33,99.28,-97.40,-0.65,7.72,8.66,-99.83,99.46,-99.66,-0.68,1.57
33.8333,1015,8.37,-99.33,99.28,-97.40,-0.65,7.72,8.66,-99.83,99.46,-99.66,-0.68,1.57
33.8667,1016,8.37,-99.33,99.28,-97.40,-0.65,7.72,8.66,-99.83,99.46,-99.66,-0.68,1.57
33.9000,1017,8.37,-99.33,99.28,-97.40,-0.65,7.72,8.66,-99.83,99.46,-99.66,-0.68,1.57
33.9333,1018,8.37,-99.33,99.28,-97.40,-0.65,7.72,8.66,-99.83,99.46,-99.66,-0.68,1.57
33.9667,1019,8.37,-99.33,99.28,-97.40,-0.65,7.72,8.66,-99.83,99.46,-99.66,-0.68,1.57
34.0000,1020,8.37,-99.33,99.28,-97.40,-0.65,7.72,8.66,-99.83,99.46,-99.66,-0.68,1.57
34.0333,1021,8.37,-99.33,99.28,-97.40,-0.65,7.72,8.66,-99.83,99.46,-99.66,-0.68,1.57
34.0667,1022,8.37,-99.33,99.28,-97.40,-0.65,7.72,8.66,-99.83,99.46,-99.66,-0.68,1.57
34.1000,1023,8.37,-99.33,99.28,-97.40,-0.65,7.72,8.66,-99.83,99.46,-99.66,-0.68,1.57
34.1333,1024,8.37,-99.33,99.28,-97.40,-0.65,7.72,8.66,-99.83,99.46,-99.66,-0.68,1.57
34.1667,1025,8.37,-99.33,99.28,-97.40,-0.65,7.72,8.66,-99.83,99.46,-99.66,-0.68,1.57
34.2000,1026,8.37,-99.33,99.28,-97.40,-0.65,7.72,8.66,-99.83,99.46,-99.66,-0.68,1.57
34.2333,1027,8.37,-99.33,99.28,-97.40,-0.65,7.72,8.66,-99.83,99.46,-99.66,-0.68,1.57
34.2667,1028,8.37,-99.33,99.28,-97.40,-0.65,7.72,8.66,-99.83,99.46,-99.66,-0.68,1.57
34.3000,1029,8.37,-99.33,99.28,-97.40,-0.65,7.72,8.66,-99.83,99.46,-99.66,-0.68,1.57
34.3333,1030,8.37,-99.33,99.28,-97.40,-0.65,7.72,8.66,-99.83,99.46,-99.66,-0.68,1.57
34.3667,1031,8.37,-99.33,99.28,-97.40,-0.65,7.72,8.66,-99.83,99.46,-99.66,-0.68,1.57
34.4000,1032,8.37,-99.33,99.28,-97.40,-0.65,7.72,8.66,-99.83,99.46,-99.66,-0.68,1.57
34.4333,1033,8.37,-99.33,99.28,-97.40,-0.65,7.72,8.66,-99.83,99.46,-99.66,-0.68,1.57
34.4667,1034,8.37,-99.33,99.28,-97.40,-0.65,7.72,8.66,-99.83,99.46,-99.66,-0.68,1.57
34.5000,1035,8.37,-99.33,99.28,-97.40,-0.65,7.72,8.66,-99.83,99.46,-99.66,-0.68,1.57
34.5333,1036,8.37,-99.33,99.28,-97.40,-0.65,7.72,8.66,-99.83,99.46,-99.66,-0.68,1.57
34.5667,1037,8.37,-99.33,99.28,-97.40,-0.65,7.72,8.66,-99.83,99.46,-99.66,-0.68,1.57
34.6000,1038,8.37,-99.33,99.28,-97.40,-0.65,7.72,8.66,-99.83,99.46,-99.66,-0.68,1.57
34.6333,1039,8.37,-99.33,99.28,-97.40,-0.65,7.72,8.66,-99.83,99.46,-99.66,-0.68,1.57
34.6667,1040,8.37,-99.33,99.28,-97.40,-0.65,7.72,8.66,-99.83,99.46,-99.66,-0.68,1.57
34.7000,1041,8.37,-99.33,99.28,-97.40,-0.65,7.72,8.66,-99.83,99.46,-99.66,-0.68,1.57
34.7333,1042,8.37,-99.33,99.28,-97.40,-0.65,7.72,8.66,-99.83,99.46,-99.66,-0.68,1.57
34.7667,1043,8.37,-99.33,99.28,-97.40,-0.65,7.72,8.66,-99.83,99.46,-99.66,-0.68,1.57
34.8000,1044,8.37,-99.33,99.28,-97.40,-0.65,7.72,8.66,-99.83,99.46,-99.66,-0.68,1.57
34.8333,1045,8.37,-99.33,99.28,-97.40,-0.65,7.72,8.66,-99.83,99.46,-99.66,-0.68,1.57
34.8667,1046,8.37,-99.33,99.28,-97.40,-0.65,7.72,8.66,-99.83,99.46,-99.66,-0.68,1.57
34.9000,1047,8.37,-99.33,99.28,-97.40,-0.65,7.72,8.66,-99.83,99.46,-99.66,-0.68,1.57
34.9333,1048,8.37,-99.33,99.28,-97.40,-0.65,7.72,8.66,-99.83,99.46,-99.66,-0.68,1.57
34.9667,1049,8.37,-99.33,99.28,-97.40,-0.65,7.72,8.66,-99.83,99.46,-99.66,-0.68,1.57
35.0000,1050,8.37,-99.33,99.28,-97.40,-0.65,7.72,8.66,-99.83,99.46,-99.66,-0.68,1.57
35.0333,1051,8.37,-99.33,99.28,-97.40,-0.65,7.72,8.66,-99.83,99.46,-99.66,-0.68,1.57
35.0667,1052,8.37,-99.33,99.28,-97.40,-0.65,7.72,8.66,-99.83,99.46,-99.66,-0.68,1.57
35.1000,1053,8.37,-99.33,99.28,-97.40,-0.65,7.72,8.66,-99.83,99.46,-99.66,-0.68,1.57
35.1333,1054,8.37,-99.33,99.28,-97.40,-0.65,7.72,8.66,-99.83,99.46,-99.66,-0.68,1.57
35.1667,1055,8.37,-99.33,99.28,-97.40,-0.65,7.72,8.66,-99.83,99.46,-99.66,-0.68,1.57
35.2000,1056,8.37,-99.33,99.28,-97.40,-0.65,7.72,8.66,-99.83,99.46,-99.66,-0.68,1.57
35.2333,1057,8.37,-99.33,99.28,-97.40,-0.65,7.72,8.66,-99.83,99.46,-99.66,-0.68,1.57
35.2667,1058,8.37,-99.33,99.28,-97.40,-0.65,7.72,8.66,-99.83,99.46,-99.66,-0.68,1.57
35.3000,1059,8.37,-99.33,99.28,-97.40,-0.65,7.72,8.66,-99.83,99.46,-99.66,-0.68,1.57
35.3333,1060,8.37,-99.33,99.28,-97.40,-0.65,7.72,8.66,-99.83,99.46,-99.66,-0.68,1.57
35.3667,1061,8.37,-99.33,99.28,-97.40,-0.65,7.72,8.66,-99.83,99.46,-99.66,-0.68,1.57
35.4000,1062,8.37,-99.33,99.28,-97.40,-0.65,7.72,8.66,-99.83,99.46,-99.66,-0.68,1.57
35.4333,1063,8.37,-99.33,99.28,-97.40,-0.65,7.72,8.66,-99.83,99.46,-99.66,-0.68,1.57
35.4667,1064,8.37,-99.33,99.28,-97.40,-0.65,7.72,8.66,-99.83,99.46,-99.66,-0.68,1.57
35.5000,1065,8.37,-99.33,99.28,-97.40,-0.65,7.72,8.66,-99.83,99.46,-99.66,-0.68,1.57
35.5333,1066,8.37,-99.33,99.28,-97.40,-0.65,7.72,8.66,-99.83,99.46,-99.66,-0.68,1.57
35.5667,1067,8.37,-99.33,99.28,-97.40,-0.65,7.72,8.66,-99.83,99.46,-99.66,-0.68,1.57
35.6000,1068,8.37,-99.33,99.28,-97.40,-0.65,7.72,8.66,-99.83,99.46,-99.66,-0.68,1.57
35.6333,1069,8.37,-99.33,99.28,-97.40,-0.65,7.72,8.66,-99.83,99.46,-99.66,-0.68,1.57
35.6667,1070,8.37,-99.33,99.28,-97.40,-0.65,7.72,8.66,-99.83,99.46,-99.66,-0.68,1.57
35.7000,1071,8.37,-99.33,99.28,-97.40,-0.65,7.72,8.66,-99.83,99.46,-99.66,-0.68,1.57
35.7333,1072,8.37,-99.33,99.28,-97.40,-0.65,7.72,8.66,-99.83,99.46,-99.66,-0.68,1.57
35.7667,1073,8.37,-99.33,99.28,-97.40,-0.65,7.72,8.66,-99.83,99.46,-99.66,-0.68,1.57
35.8000,1074,8.37,-99.33,99.28,-97.40,-0.65,7.72,8.66,-99.83,99.46,-99.66,-0.68,1.57
35.8333,1075,8.37,-99.33,99.28,-97.40,-0.65,7.72,8.66,-99.83,99.46,-99.66,-0.68,1.57
35.8667,1076,8.37,-99.33,99.28,-97.40,-0.65,7.72,8.66,-99.83,99.46,-99.66,-0.68,1.57
35.9000,1077,8.37,-99.33,99.28,-97.40,-0.65,7.72,8.66,-99.83,99.46,-99.66,-0.68,1.57
35.9333,1078,8.37,-99.33,99.28,-97.40,-0.65,7.72,8.66,-99.83,99.46,-99.66,-0.68,1.57
35.9667,1079,8.37,-99.33,99.28,-97.40,-0.65,7.72,8.66,-99.83,99.46,-99.66,-0.68,1.57
36.0000,1080,8.37,-99.33,99.28,-97.40,-0.65,7.72,8.66,-99.83,99.46,-99.66,-0.68,1.57
36.0333,1081,8.37,-99.33,99.28,-97.40,-0.65,7.72,8.66,-99.83,99.46,-99.66,-0.68,1.57
36.0667,1082,8.37,-99.33,99.28,-97.40,-0.65,7.72,8.66,-99.83,99.46,-99.66,-0.68,1.57
36.1000,1083,8.37,-99.33,99.28,-97.40,-0.65,7.72,8.66,-99.83,99.46,-99.66,-0.68,1.57
36.1333,1084,8.37,-99.33,99.28,-97.40,-0.65,7.72,8.66,-99.83,99.46,-99.66,-0.68,1.57
36.1667,1085,8.37,-99.33,99.28,-97.40,-0.65,7.72,8.66,-99.83,99.46,-99.66,-0.68,1.57
36.2000,1086,8.37,-99.33,99.28,-97.40,-0.65,7.72,8.66,-99.83,99.46,-99.66,-0.68,1.57
36.2333,1087,8.37,-99.33,99.28,-97.40,-0.65,7.72,8.66,-99.83,99.46,-99.66,-0.68,1.57
36.2667,1088,8.37,-99.33,99.28,-97.40,-0.65,7.72,8.66,-99.83,99.46,-99.66,-0.68,1.57
36.3000,1089,8.37,-99.33,99.28,-97.40,-0.65,7.72,8.66,-99.83,99.46,-99.66,-0.68,1.57
36.3333,1090,8.37,-99.33,99.28,-97.40,-0.65,7.72,8.66,-99.83,99.46,-99.66,-0.68,1.57
36.3667,1091,8.37,-99.33,99.28,-97.40,-0.65,7.72,8.66,-99.83,99.46,-99.66,-0.68,1.57
36.4000,1092,8.37,-99.33,99.28,-97.40,-0.65,7.72,8.66,-99.83,99.46,-99.66,-0.68,1.57
36.4333,1093,8.37,-99.33,99.28,-97.40,-0.65,7.72,8.66,-99.83,99.46,-99.66,-0.68,1.57
36.4667,1094,8.37,-99.33,99.28,-97.40,-0.65,7.72,8.66,-99.83,99.46,-99.66,-0.68,1.57
36.5000,1095,8.37,-99.33,99.28,-97.40,-0.65,7.72,8.66,-99.83,99.46,-99.66,-0.68,1.57
36.5333,1096,8.37,-99.33,99.28,-97.40,-0.65,7.72,8.66,-99.83,99.46,-99.66,-0.68,1.57
36.5667,1097,8.37,-99.33,99.28,-97.40,-0.65,7.72,8.66,-99.83,99.46,-99.66,-0.68,1.57
36.6000,1098,8.37,-99.33,99.28,-97.40,-0.65,7.72,8.66,-99.83,99.46,-99.66,-0.68,1.57
36.6333,1099,8.37,-99.33,99.28,-97.40,-0.65,7.72,8.66,-99.83,99.46,-99.66,-0.68,1.57
36.6667,1100,8.37,-99.33,99.28,-97.40,-0.65,7.72,8.66,-99.83,99.46,-99.66,-0.68,1.57
36.7000,1101,8.37,-99.33,99.28,-97.40,-0.65,7.72,8.66,-99.83,99.46,-99.66,-0.68,1.57
36.7333,1102,8.37,-99.33,99.28,-97.40,-0.65,7.72,8.66,-99.83,99.46,-99.66,-0.68,1.57
36.7667,1103,8.37,-99.33,99.28,-97.40,-0.65,7.72,8.66,-99.83,99.46,-99.66,-0.68,1.57
36.8000,1104,8.37,-99.33,99.28,-97.40,-0.65,7.72,8.66,-99.83,99.46,-99.66,-0.68,1.57
36.8333,1105,8.37,-99.33,99.28,-97.40,-0.65,7.72,8.66,-99.83,99.46,-99.66,-0.68,1.57
36.8667,1106,8.37,-99.33,99.28,-97.40,-0.65,7.72,8.66,-99.83,99.46,-99.66,-0.68,1.57
36.9000,1107,8.37,-99.33,99.28,-97.40,-0.65,7.72,8.66,-99.83,99.46,-99.66,-0.68,1.57
36.9333,1108,8.37,-99.33,99.28,-97.40,-0.65,7.72,8.66,-99.83,99.46,-99.66,-0.68,1.57
36.9667,1109,8.37,-99.33,99.28,-97.40,-0.65,7.72,8.66,-99.83,99.46,-99.66,-0.68,1.57
37.0000,1110,8.37,-99.33,99.28,-97.40,-0.65,7.72,8.66,-99.83,99.46,-99.66,-0.68,1.57
37.0333,1111,8.37,-99.33,99.28,-97.40,-0.65,7.72,8.66,-99.83,99.46,-99.66,-0.68,1.57
37.0667,1112,8.37,-99.33,99.28,-97.40,-0.65,7.72,8.66,-99.83,99.46,-99.66,-0.68,1.57
37.1000,1113,8.37,-99.33,99.28,-97.40,-0.65,7.72,8.66,-99.83,99.46,-99.66,-0.68,1.57
37.1333,1114,8.37,-99.33,99.28,-97.40,-0.65,7.72,8.66,-99.83,99.46,-99.66,-0.68,1.57
37.1667,1115,8.37,-99.33,99.28,-97.40,-0.65,7.72,8.66,-99.83,99.46,-99.66,-0.68,1.57
37.2000,1116,8.37,-99.33,99.28,-97.40,-0.65,7.72,8.66,-99.83,99.46,-99.66,-0.68,1.57
37.2333,1117,8.37,-99.33,99.28,-97.40,-0.65,7.72,8.66,-99.83,99.46,-99.66,-0.68,1.57
37.2667,1118,8.37,-99.33,99.28,-97.40,-0.65,7.72,8.66,-99.83,99.46,-99.66,-0.68,1.57
37.3000,1119,8.37,-99.33,99.28,-97.40,-0.65,7.72,8.66,-99.83,99.46,-99.66,-0.68,1.57
37.3333,1120,8.37,-99.33,99.28,-97.40,-0.65,7.72,8.66,-99.83,99.46,-99.66,-0.68,1.57
37.3667,1121,8.37,-99.33,99.28,-97.40,-0.65,7.72,8.66,-99.83,99.46,-99.66,-0.68,1.57
37.4000,1122,8.37,-99.33,99.28,-97.40,-0.65,7.72,8.66,-99.83,99.46,-99.66,-0.68,1.57
37.4333,1123,8.37,-99.33,99.28,-97.40,-0.65,7.72,8.66,-99.83,99.46,-99.66,-0.68,1.57
37.4667,1124,8.37,-99.33,99.28,-97.40,-0.65,7.72,8.66,-99.83,99.46,-99.66,-0.68,1.57
37.5000,1125,8.37,-99.33,99.28,-97.40,-0.65,7.72,8.66,-99.83,99.46,-99.66,-0.68,1.57
37.5333,1126,8.37,-99.33,99.28,-97.40,-0.65,7.72,8.66,-99.83,99.46,-99.66,-0.68,1.57
37.5667,1127,8.37,-99.33,99.28,-97.40,-0.65,7.72,8.66,-99.83,99.46,-99.66,-0.68,1.57
37.6000,1128,8.37,-99.33,99.28,-97.40,-0.65,7.72,8.66,-99.83,99.46,-99.66,-0.68,1.57
37.6333,1129,8.37,-99.33,99.28,-97.40,-0.65,7.72,8.66,-99.83,99.46,-99.66,-0.68,1.57
37.6667,1130,8.37,-99.33,99.28,-97.40,-0.65,7.72,8.66,-99.83,99.46,-99.66,-0.68,1.57
37.7000,1131,8.37,-99.33,99.28,-97.40,-0.65,7.72,8.66,-99.83,99.46,-99.66,-0.68,1.57
37.7333,1132,8.37,-99.33,99.28,-97.40,-0.65,7.72,8.66,-99.83,99.46,-99.66,-0.68,1.57
37.7667,1133,8.37,-99.33,99.28,-97.40,-0.65,7.72,8.66,-99.83,99.46,-99.66,-0.68,1.57
37.8000,1134,8.37,-99.33,99.28,-97.40,-0.65,7.72,8.66,-99.83,99.46,-99.66,-0.68,1.57
37.8333,1135,8.37,-99.33,99.28,-97.40,-0.65,7.72,8.66,-99.83,99.46,-99.66,-0.68,1.57
37.8667,1136,8.37,-99.33,99.28,-97.40,-0.65,7.72,8.66,-99.83,99.46,-99.66,-0.68,1.57
37.9000,1137,8.37,-99.33,99.28,-97.40,-0.65,7.72,8.66,-99.83,99.46,-99.66,-0.68,1.57
37.9333,1138,8.37,-99.33,99.28,-97.40,-0.65,7.72,8.66,-99.83,99.46,-99.66,-0.68,1.57
37.9667,1139,8.37,-99.33,99.28,-97.40,-0.65,7.72,8.66,-99.83,99.46,-99.66,-0.68,1.57
38.0000,1140,8.37,-99.33,99.28,-97.40,-0.65,7.72,8.66,-99.83,99.46,-99.66,-0.68,1.57
38.0333,1141,8.37,-99.33,99.28,-97.40,-0.65,7.72,8.66,-99.83,99.46,-99.66,-0.68,1.57
38.0667,1142,8.37,-99.33,99.28,-97.40,-0.65,7.72,8.66,-99.83,99.46,-99.66,-0.68,1.57
38.1000,1143,8.37,-99.33,99.28,-97.40,-0.65,7.72,8.66,-99.83,99.46,-99.66,-0.68,1.57
38.1333,1144,8.37,-99.33,99.28,-97.40,-0.65,7.72,8.66,-99.83,99.46,-99.66,-0.68,1.57
38.1667,1145,8.37,-99.33,99.28,-97.40,-0.65,7.72,8.66,-99.83,99.46,-99.66,-0.68,1.57
38.2000,1146,8.37,-99.33,99.28,-97.40,-0.65,7.72,8.66,-99.83,99.46,-99.66,-0.68,1.57
38.2333,1147,8.37,-99.33,99.28,-97.40,-0.65,7.72,8.66,-99.83,99.46,-99.66,-0.68,1.57
38.2667,1148,8.37,-99.33,99.28,-97.40,-0.65,7.72,8.66,-99.83,99.46,-99.66,-0.68,1.57
38.3000,1149,8.37,-99.33,99.28,-97.40,-0.65,7.72,8.66,-99.83,99.46,-99.66,-0.68,1.57
38.3333,1150,8.37,-99.33,99.28,-97.40,-0.65,7.72,8.66,-99.83,99.46,-99.66,-0.68,1.57
38.3667,1151,8.37,-99.33,99.28,-97.40,-0.65,7.72,8.66,-99.83,99.46,-99.66,-0.68,1.57
38.4000,1152,8.37,-99.33,99.28,-97.40,-0.65,7.72,8.66,-99.83,99.46,-99.66,-0.68,1.57
38.4333,1153,8.37,-99.33,99.28,-97.40,-0.65,7.72,8.66,-99.83,99.46,-99.66,-0.68,1.57
38.4667,1154,8.37,-99.33,99.28,-97.40,-0.65,7.72,8.66,-99.83,99.46,-99.66,-0.68,1.57
38.5000,1155,8.37,-99.33,99.28,-97.40,-0.65,7.72,8.66,-99.83,99.46,-99.66,-0.68,1.57
38.5333,1156,8.37,-99.33,99.28,-97.40,-0.65,7.72,8.66,-99.83,99.46,-99.66,-0.68,1.57
38.5667,1157,8.37,-99.33,99.28,-97.40,-0.65,7.72,8.66,-99.83,99.46,-99.66,-0.68,1.57
38.6000,1158,8.37,-99.33,99.28,-97.40,-0.65,7.72,8.66,-99.83,99.46,-99.66,-0.68,1.57
38.6333,1159,8.37,-99.33,99.28,-97.40,-0.65,7.72,8.66,-99.83,99.46,-99.66,-0.68,1.57
38.6667,1160,8.37,-99.33,99.28,-97.40,-0.65,7.72,8.66,-99.83,99.46,-99.66,-0.68,1.57
38.7000,1161,8.37,-99.33,99.28,-97.40,-0.65,7.72,8.66,-99.83,99.46,-99.66,-0.68,1.57
38.7333,1162,8.37,-99.33,99.28,-97.40,-0.65,7.72,8.66,-99.83,99.46,-99.66,-0.68,1.57
38.7667,1163,8.37,-99.33,99.28,-97.40,-0.65,7.72,8.66,-99.83,99.46,-99.66,-0.68,1.57
38.8000,1164,8.37,-99.33,99.28,-97.40,-0.65,7.72,8.66,-99.83,99.46,-99.66,-0.68,1.57
38.8333,1165,8.37,-99.33,99.28,-97.40,-0.65,7.72,8.66,-99.83,99.46,-99.66,-0.68,1.57
38.8667,1166,8.37,-99.33,99.28,-97.40,-0.65,7.72,8.66,-99.83,99.46,-99.66,-0.68,1.57
38.9000,1167,8.37,-99.33,99.28,-97.40,-0.65,7.72,8.66,-99.83,99.46,-99.66,-0.68,1.57
38.9333,1168,8.37,-99.33,99.28,-97.40,-0.65,7.72,8.66,-99.83,99.46,-99.66,-0.68,1.57
38.9667,1169,8.37,-99.33,99.28,-97.40,-0.65,7.72,8.66,-99.83,99.46,-99.66,-0.68,1.57
39.0000,1170,8.37,-99.33,99.28,-97.40,-0.65,7.72,8.66,-99.83,99.46,-99.66,-0.68,1.57
39.0333,1171,8.37,-99.33,99.28,-97.40,-0.65,7.72,8.66,-99.83,99.46,-99.66,-0.68,1.57
39.0667,1172,8.37,-99.33,99.28,-97.40,-0.65,7.72,8.66,-99.83,99.46,-99.66,-0.68,1.57
39.1000,1173,8.37,-99.33,99.28,-97.40,-0.65,7.72,8.66,-99.83,99.46,-99.66,-0.68,1.57
39.1333,1174,8.37,-99.33,99.28,-97.40,-0.65,7.72,8.66,-99.83,99.46,-99.66,-0.68,1.57
39.1667,1175,8.37,-99.33,99.28,-97.40,-0.65,7.72,8.66,-99.83,99.46,-99.66,-0.68,1.57
39.2000,1176,8.37,-99.33,99.28,-97.40,-0.65,7.72,8.66,-99.83,99.46,-99.66,-0.68,1.57
39.2333,1177,8.37,-99.33,99.28,-97.40,-0.65,7.72,8.66,-99.83,99.46,-99.66,-0.68,1.57
39.2667,1178,8.37,-99.33,99.28,-97.40,-0.65,7.72,8.66,-99.83,99.46,-99.66,-0.68,1.57
39.3000,1179,8.37,-99.33,99.28,-97.40,-0.65,7.72,8.66,-99.83,99.46,-99.66,-0.68,1.57
39.3333,1180,8.37,-99.33,99.28,-97.40,-0.65,7.72,8.66,-99.83,99.46,-99.66,-0.68,1.57
39.3667,1181,8.37,-99.33,99.28,-97.40,-0.65,7.72,8.66,-99.83,99.46,-99.66,-0.68,1.57
39.4000,1182,8.37,-99.33,99.28,-97.40,-0.65,7.72,8.66,-99.83,99.46,-99.66,-0.68,1.57
39.4333,1183,8.37,-99.33,99.28,-97.40,-0.65,7.72,8.66,-99.83,99.46,-99.66,-0.68,1.57
39.4667,1184,8.37,-99.33,99.28,-97.40,-0.65,7.72,8.66,-99.83,99.46,-99.66,-0.68,1.57
39.5000,1185,8.37,-99.33,99.28,-97.40,-0.65,7.72,8.66,-99.83,99.46,-99.66,-0.68,1.57
39.5333,1186,8.37,-99.33,99.28,-97.40,-0.65,7.72,8.66,-99.83,99.46,-99.66,-0.68,1.57
39.5667,1187,8.37,-99.33,99.28,-97.40,-0.65,7.72,8.66,-99.83,99.46,-99.66,-0.68,1.57
39.6000,1188,8.37,-99.33,99.28,-97.40,-0.65,7.72,8.66,-99.83,99.46,-99.66,-0.68,1.57
39.6333,1189,8.37,-99.33,99.28,-97.40,-0.65,7.72,8.66,-99.83,99.46,-99.66,-0.68,1.57
39.6667,1190,8.37,-99.33,99.28,-97.40,-0.65,7.72,8.66,-99.83,99.46,-99.66,-0.68,1.57
39.7000,1191,8.37,-99.33,99.28,-97.40,-0.65,7.72,8.66,-99.83,99.46,-99.66,-0.68,1.57
39.7333,1192,8.37,-99.33,99.28,-97.40,-0.65,7.72,8.66,-99.83,99.46,-99.66,-0.68,1.57
39.7667,1193,8.37,-99.33,99.28,-97.40,-0.65,7.72,8.66,-99.83,99.46,-99.66,-0.68,1.57
39.8000,1194,8.37,-99.33,99.28,-97.40,-0.65,7.72,8.66,-99.83,99.46,-99.66,-0.68,1.57
39.8333,1195,8.37,-99.33,99.28,-97.40,-0.65,7.72,8.66,-99.83,99.46,-99.66,-0.68,1.57
39.8667,1196,8.37,-99.33,99.28,-97.40,-0.65,7.72,8.66,-99.83,99.46,-99.66,-0.68,1.57
39.9000,1197,8.37,-99.33,99.28,-97.40,-0.65,7.72,8.66,-99.83,99.46,-99.66,-0.68,1.57
39.9333,1198,8.37,-99.33,99.28,-97.40,-0.65,7.72,8.66,-99.83,99.46,-99.66,-0.68,1.57
39.9667,1199,8.37,-99.33,99.28,-97.40,-0.65,7.72,8.66,-99.83,99.46,-99.66,-0.68,1.57
40.0000,1200,8.37,-99.33,99.28,-97.40,-0.65,7.72,8.66,-99.83,99.46,-99.66,-0.68,1.57
40.0333,1201,8.37,-99.33,99.28,-97.40,-0.65,7.72,8.66,-99.83,99.46,-99.66,-0.68,1.57
40.0667,1202,8.37,-99.33,99.28,-97.40,-0.65,7.72,8.66,-99.83,99.46,-99.66,-0.68,1.57
40.1000,1203,8.37,-99.33,99.28,-97.40,-0.65,7.72,8.66,-99.83,99.46,-99.66,-0.68,1.57
40.1333,1204,8.37,-99.33,99.28,-97.40,-0.65,7.72,8.66,-99.83,99.46,-99.66,-0.68,1.57
40.1667,1205,8.37,-99.33,99.28,-97.40,-0.65,7.72,8.66,-99.83,99.46,-99.66,-0.68,1.57
40.2000,1206,8.37,-99.33,99.28,-97.40,-0.65,7.72,8.66,-99.83,99.46,-99.66,-0.68,1.57
40.2333,1207,8.37,-99.33,99.28,-97.40,-0.65,7.72,8.66,-99.83,99.46,-99.66,-0.68,1.57
40.2667,1208,8.37,-99.33,99.28,-97.40,-0.65,7.72,8.66,-99.83,99.46,-99.66,-0.68,1.57
40.3000,1209,8.37,-99.33,99.28,-97.40,-0.65,7.72,8.66,-99.83,99.46,-99.66,-0.68,1.57
40.3333,1210,8.37,-99.33,99.28,-97.40,-0.65,7.72,8.66,-99.83,99.46,-99.66,-0.68,1.57
40.3667,1211,8.37,-99.33,99.28,-97.40,-0.65,7.72,8.66,-99.83,99.46,-99.66,-0.68,1.57
40.4000,1212,8.37,-99.33,99.28,-97.40,-0.65,7.72,8.66,-99.83,99.46,-99.66,-0.68,1.57
40.4333,1213,8.37,-99.33,99.28,-97.40,-0.65,7.72,8.66,-99.83,99.46,-99.66,-0.68,1.57
40.4667,1214,8.37,-99.33,99.28,-97.40,-0.65,7.72,8.66,-99.83,99.46,-99.66,-0.68,1.57
40.5000,1215,8.37,-99.33,99.28,-97.40,-0.65,7.72,8.66,-99.83,99.46,-99.66,-0.68,1.57
40.5333,1216,8.37,-99.33,99.28,-97.40,-0.65,7.72,8.66,-99.83,99.46,-99.66,-0.68,1.57
40.5667,1217,8.37,-99.33,99.28,-97.40,-0.65,7.72,8.66,-99.83,99.46,-99.66,-0.68,1.57
40.6000,1218,8.37,-99.33,99.28,-97.40,-0.65,7.72,8.66,-99.83,99.46,-99.66,-0.68,1.57
40.6333,1219,8.37,-99.33,99.28,-97.40,-0.65,7.72,8.66,-99.83,99.46,-99.66,-0.68,1.57
40.6667,1220,8.37,-99.33,99.28,-97.40,-0.65,7.72,8.66,-99.83,99.46,-99.66,-0.68,1.57
40.7000,1221,8.37,-99.33,99.28,-97.40,-0.65,7.72,8.66,-99.83,99.46,-99.66,-0.68,1.57
40.7333,1222,8.37,-99.33,99.28,-97.40,-0.65,7.72,8.66,-99.83,99.46,-99.66,-0.68,1.57
40.7667,1223,8.37,-99.33,99.28,-97.40,-0.65,7.72,8.66,-99.83,99.46,-99.66,-0.68,1.57
40.8000,1224,8.37,-99.33,99.28,-97.40,-0.65,7.72,8.66,-99.83,99.46,-99.66,-0.68,1.57
40.8333,1225,8.37,-99.33,99.28,-97.40,-0.65,7.72,8.66,-99.83,99.46,-99.66,-0.68,1.57
40.8667,1226,8.37,-99.33,99.28,-97.40,-0.65,7.72,8.66,-99.83,99.46,-99.66,-0.68,1.57
40.9000,1227,8.37,-99.33,99.28,-97.40,-0.65,7.72,8.66,-99.83,99.46,-99.66,-0.68,1.57
40.9333,1228,8.37,-99.33,99.28,-97.40,-0.65,7.72,8.66,-99.83,99.46,-99.66,-0.68,1.57
40.9667,1229,8.37,-99.33,99.28,-97.40,-0.65,7.72,8.66,-99.83,99.46,-99.66,-0.68,1.57
41.0000,1230,8.37,-99.33,99.28,-97.40,-0.65,7.72,8.66,-99.83,99.46,-99.66,-0.68,1.57
41.0333,1231,8.37,-99.33,99.28,-97.40,-0.65,7.72,8.66,-99.83,99.46,-99.66,-0.68,1.57
41.0667,1232,8.37,-99.33,99.28,-97.40,-0.65,7.72,8.66,-99.83,99.46,-99.66,-0.68,1.57
41.1000,1233,8.37,-99.33,99.28,-97.40,-0.65,7.72,8.66,-99.83,99.46,-99.66,-0.68,1.57
41.1333,1234,8.37,-99.33,99.28,-97.40,-0.65,7.72,8.66,-99.83,99.46,-99.66,-0.68,1.57
41.1667,1235,8.37,-99.33,99.28,-97.40,-0.65,7.72,8.66,-99.83,99.46,-99.66,-0.68,1.57
41.2000,1236,8.37,-99.33,99.28,-97.40,-0.65,7.72,8.66,-99.83,99.46,-99.66,-0.68,1.57
41.2333,1237,8.37,-99.33,99.28,-97.40,-0.65,7.72,8.66,-99.83,99.46,-99.66,-0.68,1.57
41.2667,1238,8.37,-99.33,99.28,-97.40,-0.65,7.72,8.66,-99.83,99.46,-99.66,-0.68,1.57
41.3000,1239,8.37,-99.33,99.28,-97.40,-0.65,7.72,8.66,-99.83,99.46,-99.66,-0.68,1.57
41.3333,1240,8.37,-99.33,99.28,-97.40,-0.65,7.72,8.66,-99.83,99.46,-99.66,-0.68,1.57
41.3667,1241,8.37,-99.33,99.28,-97.40,-0.65,7.72,8.66,-99.83,99.46,-99.66,-0.68,1.57
41.4000,1242,8.37,-99.33,99.28,-97.40,-0.65,7.72,8.66,-99.83,99.46,-99.66,-0.68,1.57
41.4333,1243,8.37,-99.33,99.28,-97.40,-0.65,7.72,8.66,-99.83,99.46,-99.66,-0.68,1.57
41.4667,1244,8.37,-99.33,99.28,-97.40,-0.65,7.72,8.66,-99.83,99.46,-99.66,-0.68,1.57
41.5000,1245,8.37,-99.33,99.28,-97.40,-0.65,7.72,8.66,-99.83,99.46,-99.66,-0.68,1.57
41.5333,1246,8.37,-99.33,99.28,-97.40,-0.65,7.72,8.66,-99.83,99.46,-99.66,-0.68,1.57
41.5667,1247,8.37,-99.33,99.28,-97.40,-0.65,7.72,8.66,-99.83,99.46,-99.66,-0.68,1.57
41.6000,1248,8.37,-99.33,99.28,-97.40,-0.65,7.72,8.66,-99.83,99.46,-99.66,-0.68,1.57
41.6333,1249,8.37,-99.33,99.28,-97.40,-0.65,7.72,8.66,-99.83,99.46,-99.66,-0.68,1.57
41.6667,1250,8.37,-99.33,99.28,-97.40,-0.65,7.72,8.66,-99.83,99.46,-99.66,-0.68,1.57
41.7000,1251,8.37,-99.33,99.28,-97.40,-0.65,7.72,8.66,-99.83,99.46,-99.66,-0.68,1.57
41.7333,1252,8.37,-99.33,99.28,-97.40,-0.65,7.72,8.66,-99.83,99.46,-99.66,-0.68,1.57
41.7667,1253,8.37,-99.33,99.28,-97.40,-0.65,7.72,8.66,-99.83,99.46,-99.66,-0.68,1.57
41.8000,1254,8.37,-99.33,99.28,-97.40,-0.65,7.72,8.66,-99.83,99.46,-99.66,-0.68,1.57
41.8333,1255,8.37,-99.33,99.28,-97.40,-0.65,7.72,8.66,-99.83,99.46,-99.66,-0.68,1.57
41.8667,1256,8.37,-99.33,99.28,-97.40,-0.65,7.72,8.66,-99.83,99.46,-99.66,-0.68,1.57
41.9000,1257,8.37,-99.33,99.28,-97.40,-0.65,7.72,8.66,-99.83,99.46,-99.66,-0.68,1.57
41.9333,1258,8.37,-99.33,99.28,-97.40,-0.65,7.72,8.66,-99.83,99.46,-99.66,-0.68,1.57
41.9667,1259,8.37,-99.33,99.28,-97.40,-0.65,7.72,8.66,-99.83,99.46,-99.66,-0.68,1.57
42.0000,1260,8.37,-99.33,99.28,-97.40,-0.65,7.72,8.66,-99.83,99.46,-99.66,-0.68,1.57
42.0333,1261,8.37,-99.33,99.28,-97.40,-0.65,7.72,8.66,-99.83,99.46,-99.66,-0.68,1.57
42.0667,1262,8.37,-99.33,99.28,-97.40,-0.65,7.72,8.66,-99.83,99.46,-99.66,-0.68,1.57
42.1000,1263,8.37,-99.33,99.28,-97.40,-0.65,7.72,8.66,-99.83,99.46,-99.66,-0.68,1.57
42.1333,1264,8.37,-99.33,99.28,-97.40,-0.65,7.72,8.66,-99.83,99.46,-99.66,-0.68,1.57
42.1667,1265,8.37,-99.33,99.28,-97.40,-0.65,7.72,8.66,-99.83,99.46,-99.66,-0.68,1.57
42.2000,1266,8.37,-99.33,99.28,-97.40,-0.65,7.72,8.66,-99.83,99.46,-99.66,-0.68,1.57
42.2333,1267,8.37,-99.33,99.28,-97.40,-0.65,7.72,8.66,-99.83,99.46,-99.66,-0.68,1.57
42.2667,1268,8.37,-99.33,99.28,-97.40,-0.65,7.72,8.66,-99.83,99.46,-99.66,-0.68,1.57
42.3000,1269,8.37,-99.33,99.28,-97.40,-0.65,7.72,8.66,-99.83,99.46,-99.66,-0.68,1.57
42.3333,1270,8.37,-99.33,99.28,-97.40,-0.65,7.72,8.66,-99.83,99.46,-99.66,-0.68,1.57
42.3667,1271,8.37,-99.33,99.28,-97.40,-0.65,7.72,8.66,-99.83,99.46,-99.66,-0.68,1.57
42.4000,1272,8.37,-99.33,99.28,-97.40,-0.65,7.72,8.66,-99.83,99.46,-99.66,-0.68,1.57
42.4333,1273,8.37,-99.33,99.28,-97.40,-0.65,7.72,8.66,-99.83,99.46,-99.66,-0.68,1.57
42.4667,1274,8.37,-99.33,99.28,-97.40,-0.65,7.72,8.66,-99.83,99.46,-99.66,-0.68,1.57
42.5000,1275,8.37,-99.33,99.28,-97.40,-0.65,7.72,8.66,-99.83,99.46,-99.66,-0.68,1.57
42.5333,1276,8.37,-99.33,99.28,-97.40,-0.65,7.72,8.66,-99.83,99.46,-99.66,-0.68,1.57
42.5667,1277,8.37,-99.33,99.28,-97.40,-0.65,7.72,8.66,-99.83,99.46,-99.66,-0.68,1.57
42.6000,1278,8.37,-99.33,99.28,-97.40,-0.65,7.72,8.66,-99.83,99.46,-99.66,-0.68,1.57
42.6333,1279,8.37,-99.33,99.28,-97.40,-0.65,7.72,8.66,-99.83,99.46,-99.66,-0.68,1.57
42.6667,1280,8.37,-99.33,99.28,-97.40,-0.65,7.72,8.66,-99.83,99.46,-99.66,-0.68,1.57
42.7000,1281,8.37,-99.33,99.28,-97.40,-0.65,7.72,8.66,-99.83,99.46,-99.66,-0.68,1.57
42.7333,1282,8.37,-99.33,99.28,-97.40,-0.65,7.72,8.66,-99.83,99.46,-99.66,-0.68,1.57
42.7667,1283,8.37,-99.33,99.28,-97.40,-0.65,7.72,8.66,-99.83,99.46,-99.66,-0.68,1.57
42.8000,1284,8.37,-99.33,99.28,-97.40,-0.65,7.72,8.66,-99.83,99.46,-99.66,-0.68,1.57
42.8333,1285,8.37,-99.33,99.28,-97.40,-0.65,7.72,8.66,-99.83,99.46,-99.66,-0.68,1.57
42.8667,1286,8.37,-99.33,99.28,-97.40,-0.65,7.72,8.66,-99.83,99.46,-99.66,-0.68,1.57
42.9000,1287,8.37,-99.33,99.28,-97.40,-0.65,7.72,8.66,-99.83,99.46,-99.66,-0.68,1.57
42.9333,1288,8.37,-99.33,99.28,-97.40,-0.65,7.72,8.66,-99.83,99.46,-99.66,-0.68,1.57
42.9667,1289,8.37,-99.33,99.28,-97.40,-0.65,7.72,8.66,-99.83,99.46,-99.66,-0.68,1.57
43.0000,1290,8.37,-99.33,99.28,-97.40,-0.65,7.72,8.66,-99.83,99.46,-99.66,-0.68,1.57
43.0333,1291,8.37,-99.33,99.28,-97.40,-0.65,7.72,8.66,-99.83,99.46,-99.66,-0.68,1.57
43.0667,1292,8.37,-99.33,99.28,-97.40,-0.65,7.72,8.66,-99.83,99.46,-99.66,-0.68,1.57
43.1000,1293,8.37,-99.33,99.28,-97.40,-0.65,7.72,8.66,-99.83,99.46,-99.66,-0.68,1.57
43.1333,1294,8.37,-99.33,99.28,-97.40,-0.65,7.72,8.66,-99.83,99.46,-99.66,-0.68,1.57
43.1667,1295,8.37,-99.33,99.28,-97.40,-0.65,7.72,8.66,-99.83,99.46,-99.66,-0.68,1.57
43.2000,1296,8.37,-99.33,99.28,-97.40,-0.65,7.72,8.66,-99.83,99.46,-99.66,-0.68,1.57
43.2333,1297,8.37,-99.33,99.28,-97.40,-0.65,7.72,8.66,-99.83,99.46,-99.66,-0.68,1.57
43.2667,1298,8.37,-99.33,99.28,-97.40,-0.65,7.72,8.66,-99.83,99.46,-99.66,-0.68,1.57
43.3000,1299,8.37,-99.33,99.28,-97.40,-0.65,7.72,8.66,-99.83,99.46,-99.66,-0.68,1.57
43.3333,1300,8.37,-99.33,99.28,-97.40,-0.65,7.72,8.66,-99.83,99.46,-99.66,-0.68,1.57
43.3667,1301,8.37,-99.33,99.28,-97.40,-0.65,7.72,8.66,-99.83,99.46,-99.66,-0.68,1.57
43.4000,1302,8.37,-99.33,99.28,-97.40,-0.65,7.72,8.66,-99.83,99.46,-99.66,-0.68,1.57
43.4333,1303,8.37,-99.33,99.28,-97.40,-0.65,7.72,8.66,-99.83,99.46,-99.66,-0.68,1.57
43.4667,1304,8.37,-99.33,99.28,-97.40,-0.65,7.72,8.66,-99.83,99.46,-99.66,-0.68,1.57
43.5000,1305,8.37,-99.33,99.28,-97.40,-0.65,7.72,8.66,-99.83,99.46,-99.66,-0.68,1.57
43.5333,1306,8.37,-99.33,99.28,-97.40,-0.65,7.72,8.66,-99.83,99.46,-99.66,-0.68,1.57
43.5667,1307,8.37,-99.33,99.28,-97.40,-0.65,7.72,8.66,-99.83,99.46,-99.66,-0.68,1.57
43.6000,1308,8.37,-99.33,99.28,-97.40,-0.65,7.72,8.66,-99.83,99.46,-99.66,-0.68,1.57
43.6333,1309,8.37,-99.33,99.28,-97.40,-0.65,7.72,8.66,-99.83,99.46,-99.66,-0.68,1.57
43.6667,1310,8.37,-99.33,99.28,-97.40,-0.65,7.72,8.66,-99.83,99.46,-99.66,-0.68,1.57
43.7000,1311,8.37,-99.33,99.28,-97.40,-0.65,7.72,8.66,-99.83,99.46,-99.66,-0.68,1.57
43.7333,1312,8.37,-99.33,99.28,-97.40,-0.65,7.72,8.66,-99.83,99.46,-99.66,-0.68,1.57
43.7667,1313,8.37,-99.33,99.28,-97.40,-0.65,7.72,8.66,-99.83,99.46,-99.66,-0.68,1.57
43.8000,1314,8.37,-99.33,99.28,-97.40,-0.65,7.72,8.66,-99.83,99.46,-99.66,-0.68,1.57
43.8333,1315,8.37,-99.33,99.28,-97.40,-0.65,7.72,8.66,-99.83,99.46,-99.66,-0.68,1.57
43.8667,1316,8.37,-99.33,99.28,-97.40,-0.65,7.72,8.66,-99.83,99.46,-99.66,-0.68,1.57
43.9000,1317,8.37,-99.33,99.28,-97.40,-0.65,7.72,8.66,-99.83,99.46,-99.66,-0.68,1.57
43.9333,1318,8.37,-99.33,99.28,-97.40,-0.65,7.72,8.66,-99.83,99.46,-99.66,-0.68,1.57
43.9667,1319,8.37,-99.33,99.28,-97.40,-0.65,7.72,8.66,-99.83,99.46,-99.66,-0.68,1.57
44.0000,1320,8.37,-99.33,99.28,-97.40,-0.65,7.72,8.66,-99.83,99.46,-99.66,-0.68,1.57
44.0333,1321,8.37,-99.33,99.28,-97.40,-0.65,7.72,8.66,-99.83,99.46,-99.66,-0.68,1.57
44.0667,1322,8.37,-99.33,99.28,-97.40,-0.65,7.72,8.66,-99.83,99.46,-99.66,-0.68,1.57
44.1000,1323,8.37,-99.33,99.28,-97.40,-0.65,7.72,8.66,-99.83,99.46,-99.66,-0.68,1.57
44.1333,1324,8.37,-99.33,99.28,-97.40,-0.65,7.72,8.66,-99.83,99.46,-99.66,-0.68,1.57
44.1667,1325,8.37,-99.33,99.28,-97.40,-0.65,7.72,8.66,-99.83,99.46,-99.66,-0.68,1.57
44.2000,1326,8.37,-99.33,99.28,-97.40,-0.65,7.72,8.66,-99.83,99.46,-99.66,-0.68,1.57
44.2333,1327,8.37,-99.33,99.28,-97.40,-0.65,7.72,8.66,-99.83,99.46,-99.66,-0.68,1.57
44.2667,1328,8.37,-99.33,99.28,-97.40,-0.65,7.72,8.66,-99.83,99.46,-99.66,-0.68,1.57
44.3000,1329,8.37,-99.33,99.28,-97.40,-0.65,7.72,8.66,-99.83,99.46,-99.66,-0.68,1.57
44.3333,1330,8.37,-99.33,99.28,-97.40,-0.65,7.72,8.66,-99.83,99.46,-99.66,-0.68,1.57
44.3667,1331,8.37,-99.33,99.28,-97.40,-0.65,7.72,8.66,-99.83,99.46,-99.66,-0.68,1.57
44.4000,1332,8.37,-99.33,99.28,-97.40,-0.65,7.72,8.66,-99.83,99.46,-99.66,-0.68,1.57
44.4333,1333,8.37,-99.33,99.28,-97.40,-0.65,7.72,8.66,-99.83,99.46,-99.66,-0.68,1.57
44.4667,1334,8.37,-99.33,99.28,-97.40,-0.65,7.72,8.66,-99.83,99.46,-99.66,-0.68,1.57
44.5000,1335,8.37,-99.33,99.28,-97.40,-0.65,7.72,8.66,-99.83,99.46,-99.66,-0.68,1.57
44.5333,1336,8.37,-99.33,99.28,-97.40,-0.65,7.72,8.66,-99.83,99.46,-99.66,-0.68,1.57
44.5667,1337,8.37,-99.33,99.28,-97.40,-0.65,7.72,8.66,-99.83,99.46,-99.66,-0.68,1.57
44.6000,1338,8.37,-99.33,99.28,-97.40,-0.65,7.72,8.66,-99.83,99.46,-99.66,-0.68,1.57
44.6333,1339,8.37,-99.33,99.28,-97.40,-0.65,7.72,8.66,-99.83,99.46,-99.66,-0.68,1.57
44.6667,1340,8.37,-99.33,99.28,-97.40,-0.65,7.72,8.66,-99.83,99.46,-99.66,-0.68,1.57
44.7000,1341,8.37,-99.33,99.28,-97.40,-0.65,7.72,8.66,-99.83,99.46,-99.66,-0.68,1.57
44.7333,1342,8.37,-99.33,99.28,-97.40,-0.65,7.72,8.66,-99.83,99.46,-99.66,-0.68,1.57
44.7667,1343,8.37,-99.33,99.28,-97.40,-0.65,7.72,8.66,-99.83,99.46,-99.66,-0.68,1.57
44.8000,1344,8.37,-99.33,99.28,-97.40,-0.65,7.72,8.66,-99.83,99.46,-99.66,-0.68,1.57
44.8333,1345,8.37,-99.33,99.28,-97.40,-0.65,7.72,8.66,-99.83,99.46,-99.66,-0.68,1.57
44.8667,1346,8.37,-99.33,99.28,-97.40,-0.65,7.72,8.66,-99.83,99.46,-99.66,-0.68,1.57
44.9000,1347,8.37,-99.33,99.28,-97.40,-0.65,7.72,8.66,-99.83,99.46,-99.66,-0.68,1.57
44.9333,1348,8.37,-99.33,99.28,-97.40,-0.65,7.72,8.66,-99.83,99.46,-99.66,-0.68,1.57
44.9667,1349,8.37,-99.33,99.28,-97.40,-0.65,7.72,8.66,-99.83,99.46,-99.66,-0.68,1.57
45.0000,1350,8.37,-99.33,99.28,-97.40,-0.65,7.72,8.66,-99.83,99.46,-99.66,-0.68,1.57
45.0333,1351,8.37,-99.33,99.28,-97.40,-0.65,7.72,8.66,-99.83,99.46,-99.66,-0.68,1.57
45.0667,1352,8.37,-99.33,99.28,-97.40,-0.65,7.72,8.66,-99.83,99.46,-99.66,-0.68,1.57
45.1000,1353,8.37,-99.33,99.28,-97.40,-0.65,7.72,8.66,-99.83,99.46,-99.66,-0.68,1.57
45.1333,1354,8.37,-99.33,99.28,-97.40,-0.65,7.72,8.66,-99.83,99.46,-99.66,-0.68,1.57
45.1667,1355,8.37,-99.33,99.28,-97.40,-0.65,7.72,8.66,-99.83,99.46,-99.66,-0.68,1.57
45.2000,1356,8.37,-99.33,99.28,-97.40,-0.65,7.72,8.66,-99.83,99.46,-99.66,-0.68,1.57
45.2333,1357,8.37,-99.33,99.28,-97.40,-0.65,7.72,8.66,-99.83,99.46,-99.66,-0.68,1.57
45.2667,1358,8.37,-99.33,99.28,-97.40,-0.65,7.72,8.66,-99.83,99.46,-99.66,-0.68,1.57
45.3000,1359,8.37,-99.33,99.28,-97.40,-0.65,7.72,8.66,-99.83,99.46,-99.66,-0.68,1.57
45.3333,1360,8.37,-99.33,99.28,-97.40,-0.65,7.72,8.66,-99.83,99.46,-99.66,-0.68,1.57
45.3667,1361,8.37,-99.33,99.28,-97.40,-0.65,7.72,8.66,-99.83,99.46,-99.66,-0.68,1.57
45.4000,1362,8.37,-99.33,99.28,-97.40,-0.65,7.72,8.66,-99.83,99.46,-99.66,-0.68,1.57
45.4333,1363,8.37,-99.33,99.28,-97.40,-0.65,7.72,8.66,-99.83,99.46,-99.66,-0.68,1.57
45.4667,1364,8.37,-99.33,99.28,-97.40,-0.65,7.72,8.66,-99.83,99.46,-99.66,-0.68,1.57
45.5000,1365,8.37,-99.33,99.28,-97.40,-0.65,7.72,8.66,-99.83,99.46,-99.66,-0.68,1.57
45.5333,1366,8.37,-99.33,99.28,-97.40,-0.65,7.72,8.66,-99.83,99.46,-99.66,-0.68,1.57
45.5667,1367,8.37,-99.33,99.28,-97.40,-0.65,7.72,8.66,-99.83,99.46,-99.66,-0.68,1.57
45.6000,1368,8.37,-99.33,99.28,-97.40,-0.65,7.72,8.66,-99.83,99.46,-99.66,-0.68,1.57
45.6333,1369,8.37,-99.33,99.28,-97.40,-0.65,7.72,8.66,-99.83,99.46,-99.66,-0.68,1.57
45.6667,1370,8.37,-99.33,99.28,-97.40,-0.65,7.72,8.66,-99.83,99.46,-99.66,-0.68,1.57
45.7000,1371,8.37,-99.33,99.28,-97.40,-0.65,7.72,8.66,-99.83,99.46,-99.66,-0.68,1.57
45.7333,1372,8.37,-99.33,99.28,-97.40,-0.65,7.72,8.66,-99.83,99.46,-99.66,-0.68,1.57
45.7667,1373,8.37,-99.33,99.28,-97.40,-0.65,7.72,8.66,-99.83,99.46,-99.66,-0.68,1.57
45.8000,1374,8.37,-99.33,99.28,-97.40,-0.65,7.72,8.66,-99.83,99.46,-99.66,-0.68,1.57
45.8333,1375,8.37,-99.33,99.28,-97.40,-0.65,7.72,8.66,-99.83,99.46,-99.66,-0.68,1.57
45.8667,1376,8.37,-99.33,99.28,-97.40,-0.65,7.72,8.66,-99.83,99.46,-99.66,-0.68,1.57
45.9000,1377,8.37,-99.33,99.28,-97.40,-0.65,7.72,8.66,-99.83,99.46,-99.66,-0.68,1.57
45.9333,1378,8.37,-99.33,99.28,-97.40,-0.65,7.72,8.66,-99.83,99.46,-99.66,-0.68,1.57
45.9667,1379,8.37,-99.33,99.28,-97.40,-0.65,7.72,8.66,-99.83,99.46,-99.66,-0.68,1.57
46.0000,1380,8.37,-99.33,99.28,-97.40,-0.65,7.72,8.66,-99.83,99.46,-99.66,-0.68,1.57
46.0333,1381,8.37,-99.33,99.28,-97.40,-0.65,7.72,8.66,-99.83,99.46,-99.66,-0.68,1.57
46.0667,1382,8.37,-99.33,99.28,-97.40,-0.65,7.72,8.66,-99.83,99.46,-99.66,-0.68,1.57
46.1000,1383,8.37,-99.33,99.28,-97.40,-0.65,7.72,8.66,-99.83,99.46,-99.66,-0.68,1.57
46.1333,1384,8.37,-99.33,99.28,-97.40,-0.65,7.72,8.67,-99.83,99.50,-99.66,-0.68,1.57
46.1667,1385,8.37,-99.33,99.28,-97.40,-0.65,7.72,8.67,-99.83,99.53,-99.66,-0.68,1.57
46.2000,1386,8.37,-99.33,99.28,-97.40,-0.65,7.72,8.66,-99.83,99.57,-99.67,-0.68,1.57
46.2333,1387,8.37,-99.33,99.29,-97.40,-0.65,7.72,8.66,-99.84,99.59,-99.66,-0.68,1.57
46.2667,1388,8.37,-99.33,99.29,-97.40,-0.65,7.72,8.65,-99.84,99.55,-99.69,-0.69,1.57
46.3000,1389,8.37,-99.33,99.31,-97.40,-0.65,7.72,8.64,-99.84,99.44,-99.71,-0.70,1.57
46.3333,1390,8.37,-99.33,99.32,-97.40,-0.65,7.72,8.63,-99.83,99.29,-99.81,-0.72,1.57
46.3667,1391,8.37,-99.33,99.33,-97.40,-0.65,7.72,8.62,-99.82,98.85,-99.81,-0.73,1.57
46.4000,1392,8.37,-99.33,99.31,-97.40,-0.65,7.72,8.60,-99.81,98.24,-99.82,-0.75,1.57
46.4333,1393,8.37,-99.33,99.30,-97.42,-0.65,7.72,8.59,-99.80,97.39,-99.72,-0.76,1.57
46.4667,1394,8.37,-99.33,99.26,-97.44,-0.65,7.72,8.59,-99.78,96.37,-99.50,-0.78,1.57
46.5000,1395,8.37,-99.33,99.16,-97.52,-0.65,7.72,8.58,-99.77,95.19,-99.09,-0.79,1.57
46.5333,1396,8.37,-99.33,98.93,-97.62,-0.65,7.72,8.58,-99.76,93.86,-98.28,-0.79,1.57
46.5667,1397,8.37,-99.33,98.55,-97.70,-0.65,7.72,8.58,-99.75,92.43,-97.08,-0.78,1.57
46.6000,1398,8.37,-99.33,97.98,-97.65,-0.65,7.72,8.58,-99.74,90.97,-95.46,-0.77,1.57
46.6333,1399,8.37,-99.33,97.21,-97.40,-0.65,7.72,8.58,-99.74,89.50,-93.50,-0.76,1.57
46.6667,1400,8.37,-99.33,96.25,-96.86,-0.65,7.72,8.58,-99.75,88.11,-91.33,-0.74,1.57
46.7000,1401,8.37,-99.33,95.12,-96.01,-0.65,7.72,8.58,-99.75,86.83,-89.10,-0.72,1.57
46.7333,1402,8.37,-99.33,93.86,-94.85,-0.65,7.72,8.58,-99.78,85.74,-87.04,-0.71,1.57
46.7667,1403,8.37,-99.33,92.52,-93.41,-0.65,7.72,8.58,-99.79,84.68,-85.01,-0.70,1.57
46.8000,1404,8.37,-99.33,91.13,-91.74,-0.65,7.72,8.58,-99.81,83.71,-83.29,-0.70,1.57
46.8333,1405,8.37,-99.33,89.79,-89.97,-0.65,7.72,8.58,-99.80,82.62,-81.66,-0.69,1.57
46.8667,1406,8.37,-99.33,88.53,-88.20,-0.65,7.72,8.58,-99.76,81.64,-80.42,-0.67,1.57
46.9000,1407,8.37,-99.34,87.40,-86.52,-0.65,7.72,8.58,-99.71,80.68,-79.39,-0.65,1.57
46.9333,1408,8.37,-99.36,86.36,-84.96,-0.65,7.72,8.58,-99.61,79.77,-78.38,-0.62,1.57
46.9667,1409,8.37,-99.38,85.37,-83.57,-0.65,7.72,8.58,-99.41,78.86,-77.26,-0.59,1.57
47.0000,1410,8.37,-99.40,84.39,-82.34,-0.65,7.72,8.58,-98.97,77.77,-75.63,-0.55,1.57
47.0333,1411,8.37,-99.42,83.41,-81.14,-0.65,7.72,8.58,-98.40,76.65,-73.78,-0.50,1.57
47.0667,1412,8.37,-99.41,82.40,-79.86,-0.65,7.72,8.58,-97.77,75.57,-71.82,-0.45,1.57
47.1000,1413,8.37,-99.37,81.38,-78.52,-0.65,7.72,8.59,-96.99,74.41,-69.57,-0.38,1.57
47.1333,1414,8.37,-99.24,80.29,-76.94,-0.65,7.72,8.59,-95.92,73.11,-66.98,-0.34,1.57
47.1667,1415,8.37,-98.98,79.13,-75.09,-0.65,7.72,8.60,-94.75,71.80,-64.38,-0.32,1.57
47.2000,1416,8.37,-98.57,77.91,-73.03,-0.65,7.72,8.62,-93.53,70.49,-61.85,-0.33,1.57
47.2333,1417,8.37,-97.99,76.65,-70.77,-0.65,7.72,8.63,-92.20,69.03,-59.14,-0.36,1.57
47.2667,1418,8.37,-97.28,75.35,-68.42,-0.65,7.72,8.64,-90.56,67.57,-56.42,-0.40,1.57
47.3000,1419,8.37,-96.40,74.04,-65.97,-0.65,7.72,8.65,-88.83,66.10,-53.71,-0.45,1.57
47.3333,1420,8.37,-95.35,72.72,-63.46,-0.65,7.72,8.66,-87.08,64.73,-51.26,-0.50,1.57
47.3667,1421,8.37,-94.13,71.38,-60.88,-0.65,7.72,8.66,-85.15,63.50,-49.04,-0.56,1.57
47.4000,1422,8.37,-92.76,70.03,-58.29,-0.66,7.72,8.67,-83.20,62.44,-47.03,-0.61,1.57
47.4333,1423,8.37,-91.25,68.72,-55.75,-0.66,7.72,8.67,-81.28,61.53,-45.30,-0.65,1.57
47.4667,1424,8.37,-89.66,67.48,-53.35,-0.66,7.72,8.66,-79.21,60.76,-43.84,-0.69,1.57
47.5000,1425,8.37,-87.91,66.37,-51.10,-0.64,7.72,8.67,-77.25,60.28,-42.90,-0.70,1.57
47.5333,1426,8.37,-86.08,65.43,-49.07,-0.63,7.72,8.67,-75.47,60.03,-42.40,-0.70,1.57
47.5667,1427,8.37,-84.17,64.69,-47.33,-0.61,7.72,8.66,-73.64,59.85,-42.00,-0.68,1.57
47.6000,1428,8.37,-82.12,64.09,-45.81,-0.58,7.72,8.66,-71.94,59.75,-41.78,-0.68,1.57
47.6333,1429,8.37,-80.02,63.67,-44.56,-0.56,7.72,8.66,-70.60,59.81,-41.91,-0.68,1.57
47.6667,1430,8.37,-77.93,63.42,-43.66,-0.54,7.72,8.64,-69.33,59.94,-42.13,-0.68,1.57
47.7000,1431,8.37,-75.89,63.29,-43.04,-0.52,7.72,8.63,-68.15,60.06,-42.25,-0.68,1.57
47.7333,1432,8.37,-73.98,63.25,-42.69,-0.50,7.72,8.61,-66.97,60.14,-42.26,-0.68,1.57
47.7667,1433,8.37,-72.19,63.27,-42.48,-0.49,7.72,8.59,-65.87,60.20,-42.27,-0.68,1.57
47.8000,1434,8.37,-70.53,63.31,-42.37,-0.48,7.72,8.56,-64.83,60.25,-42.27,-0.68,1.57
47.8333,1435,8.37,-69.02,63.35,-42.32,-0.48,7.72,8.53,-63.69,60.26,-42.27,-0.68,1.57
47.8667,1436,8.37,-67.63,63.37,-42.30,-0.49,7.72,8.51,-62.48,60.29,-42.27,-0.68,1.57
47.9000,1437,8.37,-66.33,63.38,-42.31,-0.49,7.72,8.48,-61.22,60.28,-42.26,-0.68,1.57
47.9333,1438,8.37,-65.11,63.38,-42.33,-0.49,7.72,8.45,-59.74,60.25,-42.27,-0.68,1.57
47.9667,1439,8.37,-63.86,63.38,-42.35,-0.50,7.72,8.43,-58.23,60.32,-42.27,-0.68,1.57
48.0000,1440,8.37,-62.60,63.37,-42.34,-0.50,7.72,8.43,-56.75,60.39,-42.28,-0.68,1.57
48.0333,1441,8.36,-61.22,63.33,-42.34,-0.50,7.72,8.47,-55.30,60.57,-42.30,-0.68,1.57
48.0667,1442,8.36,-59.75,63.29,-42.33,-0.49,7.72,8.46,-54.10,61.00,-42.31,-0.68,1.57
48.1000,1443,8.38,-58.27,63.23,-42.32,-0.49,7.72,8.44,-53.09,61.58,-42.31,-0.68,1.57
48.1333,1444,8.41,-56.82,63.22,-42.31,-0.48,7.72,8.39,-52.22,62.30,-42.32,-0.68,1.57
48.1667,1445,8.44,-55.45,63.30,-42.30,-0.48,7.72,8.28,-51.67,63.23,-42.33,-0.68,1.57
48.2000,1446,8.47,-54.24,63.53,-42.30,-0.47,7.72,8.10,-51.35,64.27,-42.35,-0.68,1.57
48.2333,1447,8.46,-53.21,63.92,-42.30,-0.46,7.72,7.85,-51.15,65.39,-42.38,-0.68,1.57
48.2667,1448,8.41,-52.38,64.49,-42.31,-0.45,7.72,7.49,-51.19,66.59,-42.40,-0.69,1.57
48.3000,1449,8.30,-51.78,65.25,-42.31,-0.44,7.72,7.06,-51.28,67.80,-42.42,-0.70,1.57
48.3333,1450,8.12,-51.39,66.16,-42.31,-0.42,7.72,6.57,-51.40,68.99,-42.44,-0.70,1.57
48.3667,1451,7.87,-51.20,67.20,-42.31,-0.42,7.72,6.05,-51.51,70.03,-42.47,-0.68,1.57
48.4000,1452,7.55,-51.16,68.32,-42.31,-0.41,7.72,5.54,-51.49,70.93,-42.49,-0.64,1.57
48.4333,1453,7.16,-51.21,69.46,-42.31,-0.41,7.72,5.09,-51.41,71.72,-42.51,-0.60,1.57
48.4667,1454,6.72,-51.25,70.54,-42.31,-0.40,7.72,4.73,-51.05,72.24,-42.52,-0.54,1.57
48.5000,1455,6.25,-51.21,71.47,-42.31,-0.39,7.72,4.47,-50.53,72.64,-42.51,-0.48,1.57
48.5333,1456,5.79,-51.08,72.22,-42.31,-0.38,7.72,4.24,-49.87,72.96,-42.50,-0.40,1.57
48.5667,1457,5.37,-50.84,72.79,-42.31,-0.37,7.72,4.12,-48.81,73.09,-42.52,-0.34,1.57
48.6000,1458,5.02,-50.39,73.19,-42.31,-0.36,7.72,4.08,-47.44,73.09,-42.56,-0.29,1.57
48.6333,1459,4.73,-49.74,73.45,-42.31,-0.36,7.72,4.07,-45.86,73.07,-42.61,-0.27,1.57
48.6667,1460,4.52,-48.87,73.60,-42.31,-0.35,7.72,4.10,-44.12,72.96,-42.69,-0.27,1.57
48.7000,1461,4.36,-47.78,73.67,-42.31,-0.35,7.72,4.14,-42.31,72.85,-42.78,-0.30,1.57
48.7333,1462,4.26,-46.49,73.67,-42.31,-0.34,7.72,4.14,-40.54,72.80,-42.87,-0.34,1.57
48.7667,1463,4.22,-45.00,73.64,-42.31,-0.34,7.72,4.14,-38.78,72.69,-42.97,-0.41,1.57
48.8000,1464,4.20,-43.35,73.59,-42.31,-0.33,7.72,4.12,-37.18,72.55,-43.05,-0.46,1.57
48.8333,1465,4.21,-41.63,73.57,-42.31,-0.33,7.72,4.11,-35.64,72.39,-43.13,-0.50,1.57
48.8667,1466,4.21,-39.89,73.57,-42.31,-0.34,7.72,4.11,-34.17,72.09,-43.19,-0.54,1.57
48.9000,1467,4.22,-38.16,73.59,-42.31,-0.34,7.72,4.12,-32.79,71.64,-43.23,-0.57,1.57
48.9333,1468,4.22,-36.47,73.63,-42.31,-0.34,7.72,4.14,-31.41,71.07,-43.25,-0.59,1.57
48.9667,1469,4.21,-34.82,73.66,-42.31,-0.34,7.72,4.17,-29.99,70.26,-43.24,-0.59,1.57
49.0000,1470,4.20,-33.19,73.63,-42.31,-0.34,7.72,4.21,-28.52,69.31,-43.25,-0.58,1.57
49.0333,1471,4.19,-31.61,73.56,-42.31,-0.34,7.72,4.25,-26.89,68.29,-43.25,-0.58,1.57
49.0667,1472,4.18,-30.02,73.40,-42.31,-0.34,7.72,4.29,-25.24,67.16,-43.12,-0.58,1.57
49.1000,1473,4.17,-28.44,73.11,-42.31,-0.34,7.72,4.34,-23.63,65.96,-42.83,-0.58,1.57
49.1333,1474,4.16,-26.92,72.71,-42.29,-0.34,7.72,4.37,-21.80,64.74,-42.84,-0.58,1.57
49.1667,1475,4.16,-25.38,72.16,-42.24,-0.34,7.72,4.40,-20.05,63.58,-42.91,-0.58,1.57
49.2000,1476,4.16,-23.79,71.43,-42.14,-0.34,7.72,4.41,-18.33,62.55,-43.31,-0.59,1.57
49.2333,1477,4.17,-22.15,70.58,-42.04,-0.34,7.72,4.42,-16.34,61.57,-44.13,-0.59,1.57
49.2667,1478,4.17,-20.47,69.64,-41.99,-0.34,7.72,4.40,-14.40,60.79,-45.19,-0.58,1.57
49.3000,1479,4.17,-18.78,68.66,-42.11,-0.34,7.72,4.37,-12.36,60.18,-46.57,-0.56,1.57
49.3333,1480,4.17,-17.13,67.69,-42.38,-0.34,7.72,4.34,-10.01,59.56,-48.49,-0.53,1.57
49.3667,1481,4.17,-15.33,66.75,-42.99,-0.34,7.72,4.32,-7.57,59.01,-50.78,-0.49,1.57
49.4000,1482,4.16,-13.40,65.88,-43.94,-0.34,7.72,4.30,-5.14,58.56,-53.23,-0.43,1.57
49.4333,1483,4.16,-11.28,65.07,-45.23,-0.34,7.72,4.28,-2.63,58.04,-55.70,-0.39,1.57
49.4667,1484,4.16,-8.98,64.30,-46.86,-0.34,7.72,4.29,-0.33,57.56,-58.02,-0.34,1.57
49.5000,1485,4.17,-6.64,63.64,-48.75,-0.34,7.72,4.30,1.79,56.99,-60.00,-0.31,1.57
49.5333,1486,4.18,-4.22,63.00,-50.83,-0.34,7.72,4.34,3.69,56.31,-61.48,-0.29,1.57
49.5667,1487,4.19,-1.80,62.36,-52.97,-0.34,7.72,4.37,5.29,55.55,-62.54,-0.29,1.57
49.6000,1488,4.20,0.49,61.73,-55.02,-0.34,7.72,4.42,6.77,54.67,-63.43,-0.30,1.57
49.6333,1489,4.21,2.68,61.03,-56.84,-0.34,7.72,4.49,7.80,53.78,-63.83,-0.33,1.57
49.6667,1490,4.22,4.63,60.29,-58.36,-0.34,7.72,4.55,8.65,52.90,-64.08,-0.35,1.57
49.7000,1491,4.23,6.34,59.51,-59.57,-0.34,7.72,4.59,9.59,51.93,-64.12,-0.36,1.57
49.7333,1492,4.24,7.77,58.67,-60.47,-0.34,7.72,4.63,10.32,51.03,-63.91,-0.37,1.57
49.7667,1493,4.24,8.95,57.81,-61.08,-0.34,7.72,4.66,11.10,50.17,-63.73,-0.36,1.57
49.8000,1494,4.24,9.92,56.91,-61.44,-0.34,7.72,4.68,12.07,49.26,-63.73,-0.35,1.57
49.8333,1495,4.24,10.84,55.98,-61.68,-0.34,7.72,4.69,13.05,48.39,-63.73,-0.33,1.57
49.8667,1496,4.25,11.68,55.06,-61.78,-0.34,7.72,4.71,14.13,47.50,-63.71,-0.30,1.57
49.9000,1497,4.27,12.57,54.11,-61.81,-0.34,7.72,4.72,15.27,46.60,-63.71,-0.28,1.57
49.9333,1498,4.30,13.53,53.16,-61.81,-0.34,7.72,4.73,16.39,45.75,-63.71,-0.27,1.57
49.9667,1499,4.34,14.52,52.23,-61.80,-0.34,7.72,4.75,17.61,44.81,-63.71,-0.26,1.57
50.0000,1500,4.38,15.65,51.26,-61.80,-0.34,7.72,4.79,18.70,43.95,-63.71,-0.25,1.57
50.0333,1501,4.41,16.82,50.32,-61.79,-0.34,7.72,4.85,19.75,43.11,-63.71,-0.25,1.57
50.0667,1502,4.44,17.99,49.42,-61.78,-0.34,7.72,4.93,20.76,42.25,-63.71,-0.26,1.57
50.1000,1503,4.46,19.13,48.54,-61.77,-0.34,7.72,5.01,21.63,41.46,-63.71,-0.26,1.57
50.1333,1504,4.50,20.24,47.67,-61.76,-0.34,7.72,5.12,22.46,40.67,-63.71,-0.26,1.57
50.1667,1505,4.54,21.32,46.78,-61.76,-0.34,7.72,5.26,23.32,39.82,-63.71,-0.26,1.57
50.2000,1506,4.61,22.35,45.92,-61.76,-0.34,7.72,5.43,24.05,39.04,-63.71,-0.26,1.57
50.2333,1507,4.70,23.31,45.07,-61.76,-0.34,7.72,5.60,24.74,38.29,-63.71,-0.26,1.57
50.2667,1508,4.83,24.22,44.23,-61.76,-0.34,7.72,5.81,25.52,37.44,-63.71,-0.26,1.57
50.3000,1509,4.98,25.06,43.39,-61.76,-0.34,7.72,6.05,26.34,36.58,-63.71,-0.26,1.57
50.3333,1510,5.16,25.89,42.56,-61.76,-0.34,7.72,6.30,27.19,35.69,-63.71,-0.26,1.57
50.3667,1511,5.39,26.77,41.69,-61.76,-0.34,7.72,6.57,27.99,34.86,-63.71,-0.26,1.57
50.4000,1512,5.64,27.64,40.82,-61.76,-0.34,7.72,6.84,28.75,34.09,-63.71,-0.26,1.57
50.4333,1513,5.90,28.47,39.96,-61.76,-0.34,7.72,7.13,29.52,33.30,-63.71,-0.25,1.57
50.4667,1514,6.16,29.29,39.13,-61.76,-0.34,7.72,7.43,30.16,32.64,-63.71,-0.25,1.57
50.5000,1515,6.42,30.03,38.35,-61.76,-0.34,7.72,7.71,30.72,32.04,-63.71,-0.26,1.57
50.5333,1516,6.67,30.68,37.62,-61.76,-0.34,7.72,7.97,31.15,31.58,-63.71,-0.26,1.57
50.5667,1517,6.93,31.23,36.94,-61.76,-0.34,7.72,8.21,31.45,31.23,-63.71,-0.27,1.57
50.6000,1518,7.19,31.69,36.33,-61.76,-0.34,7.72,8.42,31.64,30.94,-63.71,-0.29,1.57
50.6333,1519,7.43,32.05,35.81,-61.76,-0.34,7.72,8.60,31.76,30.70,-63.71,-0.31,1.57
50.6667,1520,7.68,32.29,35.39,-61.76,-0.34,7.72,8.74,31.80,30.57,-63.71,-0.33,1.57
50.7000,1521,7.91,32.45,35.04,-61.76,-0.34,7.72,8.84,31.77,30.50,-63.71,-0.36,1.57
50.7333,1522,8.13,32.54,34.77,-61.76,-0.34,7.72,8.93,31.80,30.38,-63.71,-0.38,1.57
50.7667,1523,8.31,32.55,34.60,-61.76,-0.34,7.72,8.99,31.81,30.33,-63.71,-0.40,1.57
50.8000,1524,8.46,32.51,34.50,-61.76,-0.34,7.72,9.02,31.85,30.26,-63.71,-0.41,1.57
50.8333,1525,8.59,32.45,34.45,-61.76,-0.34,7.72,9.05,31.99,30.12,-63.71,-0.41,1.57
50.8667,1526,8.68,32.43,34.42,-61.76,-0.34,7.72,9.06,32.20,29.94,-63.71,-0.40,1.57
50.9000,1527,8.74,32.47,34.37,-61.76,-0.34,7.72,9.04,32.51,29.63,-63.71,-0.38,1.57
50.9333,1528,8.78,32.63,34.27,-61.76,-0.34,7.72,9.04,32.92,29.24,-63.71,-0.36,1.57
50.9667,1529,8.79,32.93,34.08,-61.76,-0.34,7.72,9.05,33.42,28.77,-63.71,-0.34,1.57
51.0000,1530,8.79,33.35,33.80,-61.76,-0.34,7.72,9.06,34.00,28.24,-63.71,-0.31,1.57
51.0333,1531,8.79,33.89,33.42,-61.76,-0.34,7.72,9.07,34.63,27.65,-63.71,-0.29,1.57
51.0667,1532,8.78,34.53,32.96,-61.76,-0.34,7.72,9.08,35.27,27.07,-63.71,-0.28,1.57
51.1000,1533,8.77,35.24,32.41,-61.76,-0.34,7.72,9.09,35.89,26.50,-63.71,-0.26,1.57
51.1333,1534,8.77,35.97,31.82,-61.76,-0.34,7.72,9.09,36.43,26.02,-63.71,-0.26,1.57
51.1667,1535,8.77,36.67,31.21,-61.76,-0.34,7.72,9.09,36.87,25.60,-63.71,-0.26,1.57
51.2000,1536,8.77,37.29,30.62,-61.76,-0.34,7.72,9.07,37.25,25.25,-63.71,-0.26,1.57
51.2333,1537,8.77,37.78,30.10,-61.76,-0.34,7.72,9.05,37.49,25.03,-63.71,-0.26,1.57
51.2667,1538,8.77,38.13,29.66,-61.76,-0.34,7.72,9.02,37.65,24.87,-63.71,-0.26,1.57
51.3000,1539,8.77,38.36,29.31,-61.76,-0.34,7.72,8.97,37.71,24.80,-63.71,-0.26,1.57
51.3333,1540,8.77,38.51,29.03,-61.76,-0.34,7.72,8.93,37.71,24.76,-63.71,-0.26,1.57
51.3667,1541,8.77,38.58,28.83,-61.76,-0.34,7.72,8.88,37.67,24.74,-63.71,-0.26,1.57
51.4000,1542,8.77,38.59,28.72,-61.76,-0.34,7.72,8.85,37.62,24.73,-63.71,-0.26,1.57
51.4333,1543,8.77,38.56,28.65,-61.76,-0.34,7.72,8.84,37.63,24.66,-63.71,-0.26,1.57
51.4667,1544,8.77,38.51,28.60,-61.76,-0.34,7.72,8.84,37.68,24.55,-63.71,-0.26,1.57
51.5000,1545,8.77,38.49,28.54,-61.76,-0.34,7.72,8.85,37.80,24.42,-63.71,-0.26,1.57
51.5333,1546,8.77,38.50,28.45,-61.76,-0.34,7.72,8.87,37.94,24.27,-63.71,-0.26,1.57
51.5667,1547,8.77,38.56,28.34,-61.76,-0.34,7.72,8.90,38.13,24.09,-63.71,-0.26,1.57
51.6000,1548,8.77,38.68,28.20,-61.76,-0.34,7.72,8.92,38.33,23.91,-63.71,-0.26,1.57
51.6333,1549,8.77,38.83,28.02,-61.76,-0.34,7.72,8.95,38.56,23.75,-63.71,-0.26,1.57
51.6667,1550,8.77,39.01,27.84,-61.76,-0.34,7.72,8.96,38.82,23.60,-63.71,-0.26,1.57
51.7000,1551,8.77,39.23,27.64,-61.76,-0.34,7.72,8.97,39.08,23.49,-63.71,-0.26,1.57
51.7333,1552,8.77,39.48,27.46,-61.76,-0.34,7.72,8.98,39.33,23.42,-63.71,-0.26,1.57
51.7667,1553,8.77,39.76,27.30,-61.76,-0.34,7.72,8.98,39.54,23.39,-63.71,-0.26,1.57
51.8000,1554,8.77,40.03,27.19,-61.76,-0.34,7.72,8.98,39.72,23.39,-63.71,-0.26,1.57
51.8333,1555,8.77,40.27,27.12,-61.76,-0.34,7.72,8.97,39.86,23.43,-63.71,-0.26,1.57
51.8667,1556,8.77,40.47,27.10,-61.76,-0.34,7.72,8.96,39.99,23.45,-63.71,-0.26,1.57
51.9000,1557,8.77,40.62,27.10,-61.76,-0.34,7.72,8.97,40.12,23.45,-63.71,-0.26,1.57
51.9333,1558,8.77,40.73,27.11,-61.76,-0.34,7.72,8.97,40.21,23.45,-63.71,-0.26,1.57
51.9667,1559,8.77,40.81,27.12,-61.76,-0.34,7.72,8.98,40.28,23.46,-63.71,-0.26,1.57
52.0000,1560,8.77,40.86,27.12,-61.76,-0.34,7.72,8.99,40.31,23.48,-63.71,-0.26,1.57
52.0333,1561,8.77,40.90,27.12,-61.76,-0.34,7.72,9.00,40.33,23.48,-63.71,-0.26,1.57
52.0667,1562,8.77,40.90,27.13,-61.76,-0.34,7.72,9.02,40.33,23.46,-63.71,-0.26,1.57
52.1000,1563,8.77,40.89,27.13,-61.76,-0.34,7.72,9.02,40.35,23.43,-63.71,-0.26,1.57
52.1333,1564,8.77,40.87,27.13,-61.76,-0.34,7.72,9.03,40.36,23.39,-63.71,-0.26,1.57
52.1667,1565,8.77,40.86,27.13,-61.76,-0.34,7.72,9.04,40.37,23.34,-63.71,-0.26,1.57
52.2000,1566,8.77,40.86,27.13,-61.76,-0.34,7.72,9.05,40.38,23.29,-63.71,-0.26,1.57
52.2333,1567,8.77,40.86,27.13,-61.76,-0.34,7.72,9.07,40.38,23.24,-63.71,-0.26,1.57
52.2667,1568,8.77,40.86,27.13,-61.76,-0.34,7.72,9.08,40.40,23.18,-63.71,-0.26,1.57
52.3000,1569,8.77,40.86,27.13,-61.76,-0.34,7.72,9.08,40.40,23.13,-63.71,-0.26,1.57
52.3333,1570,8.77,40.86,27.13,-61.76,-0.34,7.72,9.09,40.41,23.08,-63.71,-0.26,1.57
52.3667,1571,8.77,40.85,27.13,-61.76,-0.34,7.72,9.10,40.39,23.08,-63.71,-0.26,1.57
52.4000,1572,8.77,40.84,27.13,-61.76,-0.34,7.72,9.11,40.36,23.12,-63.71,-0.26,1.57
52.4333,1573,8.77,40.82,27.14,-61.76,-0.34,7.72,9.12,40.35,23.14,-63.71,-0.27,1.57
52.4667,1574,8.77,40.80,27.16,-61.76,-0.34,7.72,9.09,40.32,23.17,-63.71,-0.27,1.57
52.5000,1575,8.77,40.78,27.22,-61.76,-0.34,7.72,9.09,40.36,23.09,-63.71,-0.27,1.57
52.5333,1576,8.76,40.80,27.24,-61.76,-0.34,7.72,9.11,40.53,22.86,-63.71,-0.27,1.57
52.5667,1577,8.75,40.88,27.22,-61.76,-0.34,7.72,9.15,40.80,22.54,-63.71,-0.27,1.57
52.6000,1578,8.74,41.02,27.12,-61.76,-0.34,7.72,9.23,41.18,22.11,-63.71,-0.27,1.57
52.6333,1579,8.75,41.26,26.93,-61.74,-0.34,7.72,9.32,41.66,21.58,-63.71,-0.27,1.57
52.6667,1580,8.77,41.61,26.62,-61.72,-0.34,7.72,9.43,42.21,20.99,-63.71,-0.27,1.57
52.7000,1581,8.80,42.07,26.18,-61.74,-0.34,7.72,9.54,42.79,20.37,-63.71,-0.27,1.57
52.7333,1582,8.84,42.61,25.62,-61.77,-0.33,7.72,9.65,43.35,19.77,-63.71,-0.26,1.57
52.7667,1583,8.90,43.19,24.97,-61.83,-0.32,7.72,9.75,43.86,19.23,-63.71,-0.26,1.57
52.8000,1584,8.97,43.78,24.29,-61.89,-0.32,7.72,9.84,44.30,18.79,-63.71,-0.26,1.57
52.8333,1585,9.05,44.33,23.63,-61.96,-0.31,7.72,9.90,44.60,18.49,-63.71,-0.26,1.57
52.8667,1586,9.14,44.80,23.02,-62.04,-0.30,7.72,9.94,44.80,18.31,-63.71,-0.26,1.57
52.9000,1587,9.24,45.17,22.51,-62.11,-0.29,7.72,9.95,44.90,18.21,-63.71,-0.26,1.57
52.9333,1588,9.33,45.44,22.14,-62.18,-0.29,7.72,9.92,44.88,18.23,-63.71,-0.26,1.57
52.9667,1589,9.41,45.61,21.90,-62.23,-0.28,7.72,9.91,44.85,18.25,-63.71,-0.26,1.57
53.0000,1590,9.48,45.69,21.75,-62.28,-0.28,7.72,9.91,44.85,18.28,-63.71,-0.26,1.57
53.0333,1591,9.53,45.71,21.70,-62.30,-0.28,7.72,9.90,44.81,18.33,-63.71,-0.26,1.57
53.0667,1592,9.57,45.68,21.71,-62.30,-0.29,7.72,9.91,44.80,18.39,-63.71,-0.26,1.57
53.1000,1593,9.61,45.64,21.75,-62.28,-0.29,7.72,9.91,44.79,18.44,-63.71,-0.26,1.57
53.1333,1594,9.63,45.62,21.79,-62.26,-0.29,7.72,9.91,44.79,18.51,-63.71,-0.26,1.57
53.1667,1595,9.64,45.61,21.81,-62.26,-0.29,7.72,9.90,44.78,18.59,-63.71,-0.26,1.57
53.2000,1596,9.65,45.61,21.82,-62.26,-0.29,7.72,9.89,44.77,18.68,-63.71,-0.26,1.57
53.2333,1597,9.65,45.61,21.82,-62.26,-0.29,7.72,9.88,44.75,18.78,-63.71,-0.26,1.57
53.2667,1598,9.65,45.61,21.82,-62.26,-0.29,7.72,9.87,44.74,18.88,-63.71,-0.27,1.57
53.3000,1599,9.64,45.61,21.82,-62.26,-0.29,7.72,9.86,44.74,18.97,-63.71,-0.27,1.57
53.3333,1600,9.64,45.61,21.82,-62.26,-0.29,7.72,9.85,44.77,19.10,-63.71,-0.26,1.57
53.3667,1601,9.64,45.61,21.82,-62.26,-0.29,7.72,9.84,44.76,19.19,-63.71,-0.26,1.57
53.4000,1602,9.64,45.61,21.82,-62.26,-0.29,7.72,9.83,44.73,19.23,-63.71,-0.25,1.57
53.4333,1603,9.64,45.61,21.82,-62.26,-0.29,7.72,9.83,44.66,19.23,-63.71,-0.25,1.57
53.4667,1604,9.64,45.61,21.82,-62.26,-0.29,7.72,9.83,44.58,19.22,-63.71,-0.24,1.57
53.5000,1605,9.64,45.61,21.82,-62.26,-0.29,7.72,9.83,44.48,19.20,-63.71,-0.23,1.57
53.5333,1606,9.64,45.61,21.82,-62.26,-0.29,7.72,9.81,44.37,19.19,-63.71,-0.22,1.57
53.5667,1607,9.64,45.61,21.82,-62.26,-0.29,7.72,9.78,44.26,19.19,-63.71,-0.22,1.57
53.6000,1608,9.64,45.61,21.82,-62.26,-0.29,7.72,9.75,44.15,19.20,-63.71,-0.21,1.57
53.6333,1609,9.64,45.61,21.82,-62.26,-0.29,7.72,9.72,44.05,19.23,-63.71,-0.21,1.57
53.6667,1610,9.64,45.61,21.82,-62.26,-0.29,7.72,9.69,43.97,19.26,-63.71,-0.20,1.57
53.7000,1611,9.64,45.61,21.82,-62.26,-0.29,7.72,9.67,43.92,19.31,-63.71,-0.21,1.57
53.7333,1612,9.64,45.61,21.82,-62.26,-0.29,7.72,9.65,43.89,19.36,-63.71,-0.21,1.57
53.7667,1613,9.64,45.61,21.82,-62.26,-0.29,7.72,9.64,43.91,19.43,-63.71,-0.21,1.57
53.8000,1614,9.64,45.61,21.82,-62.26,-0.29,7.72,9.63,43.94,19.51,-63.71,-0.21,1.57
53.8333,1615,9.64,45.61,21.82,-62.26,-0.29,7.72,9.63,43.94,19.54,-63.71,-0.21,1.57
53.8667,1616,9.64,45.61,21.82,-62.26,-0.29,7.72,9.63,43.94,19.55,-63.71,-0.21,1.57
53.9000,1617,9.64,45.61,21.82,-62.26,-0.29,7.72,9.63,43.94,19.55,-63.71,-0.21,1.57
53.9333,1618,9.64,45.61,21.82,-62.26,-0.29,7.72,9.65,43.95,19.53,-63.71,-0.21,1.57
53.9667,1619,9.64,45.61,21.82,-62.26,-0.29,7.72,9.66,43.95,19.50,-63.71,-0.21,1.57
54.0000,1620,9.64,45.61,21.82,-62.26,-0.29,7.72,9.69,43.95,19.45,-63.71,-0.21,1.57
54.0333,1621,9.64,45.61,21.82,-62.26,-0.29,7.72,9.71,43.96,19.38,-63.71,-0.21,1.57
